ID_Registro,Maquina,Turno,Temperatura_Ambiente_C,Carga_Maquina_pct,RPM,Presion_bar,Vibracion_mm_s,Horas_Operacion,Dias_Desde_Mantenimiento,Tasa_Defectos_pct,Tiempo_Parada_min,Consumo_Energia_kWh,Produccion_ton_h
1,MX-01,Dia,23.44,85.72,1418.0,4.27,2.41,7112,9,2.01,6.07,211.11,117.87
2,MX-02,Tarde,23.96,74.55,1258.0,4.41,2.34,306,41,2.0,1.41,201.34,110.42
3,MX-03,Dia,20.56,85.1,1378.0,5.33,2.79,2245,97,2.54,7.15,210.95,114.33
4,MX-03,Tarde,16.47,77.05,1355.0,4.9,2.65,1507,60,2.66,2.07,187.45,114.42
5,MX-02,Dia,24.99,86.39,1597.0,4.75,1.99,4210,42,1.93,1.69,216.71,126.59
6,MX-02,Tarde,20.55,88.48,1274.0,5.09,2.46,5368,103,2.38,6.29,221.52,108.57
7,MX-03,Dia,13.61,78.11,1354.0,4.65,2.78,4504,150,4.17,5.33,203.03,102.53
8,MX-02,Tarde,37.12,80.88,1430.0,5.46,,7116,17,1.49,7.13,211.45,106.11
9,MX-01,Tarde,31.82,93.07,1472.0,4.31,2.24,2791,117,3.18,10.16,225.97,117.69
10,MX-02,Tarde,10.88,90.09,1560.0,5.43,1.83,3458,40,1.91,5.27,232.1,119.74
11,MX-01,Tarde,21.57,78.38,1170.0,5.97,2.34,4146,146,2.72,8.88,194.47,106.36
12,MX-02,Dia,24.17,64.27,1350.0,4.49,3.31,7132,55,3.92,5.38,179.37,86.97
13,MX-04,Noche,20.84,68.45,1287.0,4.64,2.28,3970,57,2.83,8.7,186.73,90.97
14,MX-01,Noche,24.68,85.32,1470.0,4.84,1.88,2367,147,2.76,6.73,205.08,114.23
15,MX-01,Dia,19.24,82.85,1229.0,5.12,1.47,1812,16,0.41,1.76,205.29,122.47
16,MX-02,Tarde,21.11,82.46,1476.0,3.96,2.46,1435,114,3.12,0,214.98,112.26
17,MX-01,Noche,32.7,68.46,1417.0,5.17,2.33,1160,43,2.89,0,207.85,99.78
18,MX-04,Dia,32.71,72.13,1182.0,4.9,1.41,8173,40,2.38,5.95,203.54,101.54
19,MX-01,Tarde,30.2,83.12,1186.0,4.94,2.97,1512,48,3.91,6.87,205.85,110.53
20,MX-02,Tarde,20.12,82.41,1429.0,4.59,1.61,5383,67,2.51,8.57,207.05,116.4
21,MX-03,Tarde,34.57,66.88,1506.0,4.68,1.97,3692,130,2.8,5.73,212.14,110.88
22,MX-03,Dia,17.0,65.26,1388.0,4.14,3.69,328,142,3.98,17.05,188.0,93.8
23,MX-01,Noche,23.86,71.61,1347.0,5.07,1.74,4525,130,3.81,0,192.54,104.82
24,MX-04,Noche,22.19,87.53,1472.0,6.0,3.41,2847,114,2.73,8.18,216.21,103.09
25,MX-02,Tarde,27.35,65.47,1370.0,4.82,1.78,853,92,3.64,4.56,189.59,104.6
26,MX-04,Noche,29.24,77.92,1121.0,4.88,2.53,3100,106,3.62,5.24,189.14,100.34
27,MX-02,Dia,24.56,72.88,1534.0,4.05,2.37,7741,90,3.47,2.18,207.87,105.72
28,MX-02,Dia,25.08,77.25,1436.0,4.91,1.69,8546,103,1.86,0,199.91,113.44
29,MX-03,Dia,27.82,75.98,1484.0,5.16,2.14,8579,30,1.6,1.05,206.39,120.01
30,MX-01,Tarde,31.85,83.83,1253.0,5.74,1.87,3428,94,0.72,7.06,216.61,112.82
31,MX-01,Tarde,22.66,86.99,1338.0,5.32,2.19,7088,98,2.69,1.14,198.21,116.14
32,MX-01,Dia,21.19,82.78,1623.0,4.61,1.9,7438,114,2.25,1.92,216.04,112.81
33,MX-02,Tarde,22.44,93.88,1435.0,5.03,2.9,5285,58,2.17,6.06,217.36,128.01
34,MX-01,Tarde,28.11,88.87,1346.0,4.98,1.8,6747,63,2.84,7.66,222.83,115.41
35,MX-01,Tarde,25.76,97.48,1448.0,4.72,1.49,2188,117,2.13,7.6,230.16,123.79
36,MX-03,Noche,22.76,89.76,1350.0,4.98,1.73,7505,41,2.17,0.6,213.19,124.82
37,MX-03,Tarde,17.04,75.94,1377.0,5.02,2.1,5438,139,3.63,8.62,199.22,109.99
38,MX-02,Dia,25.93,66.5,1420.0,4.34,2.39,7083,100,3.15,1.76,183.32,92.09
39,MX-04,Tarde,27.94,74.74,1184.0,5.47,2.55,3813,125,2.08,6.61,198.62,99.75
40,MX-04,Tarde,24.82,91.3,1234.0,5.74,2.34,6655,145,3.04,6.53,201.56,112.75
41,MX-02,Dia,21.5,83.22,1327.0,5.71,1.53,7106,65,3.0,5.72,199.22,116.66
42,MX-03,Dia,22.36,100,1631.0,5.42,2.76,4251,52,2.72,1.26,233.26,143.3
43,MX-01,Tarde,25.55,94.71,1486.0,4.89,1.83,2076,42,1.47,5.4,222.18,131.6
44,MX-04,Dia,24.69,77.05,1344.0,4.58,1.48,1869,78,2.76,0.72,210.53,114.32
45,MX-01,Dia,19.67,82.6,1308.0,4.93,2.8,1929,111,1.52,10.01,201.76,115.04
46,MX-04,Dia,17.1,62.2,1292.0,3.71,1.38,8121,120,1.7,7.51,177.6,99.9
47,MX-01,Dia,16.06,83.58,1262.0,4.66,1.87,5525,47,2.9,1.2,204.27,117.39
48,MX-03,Tarde,28.04,70.88,1351.0,4.75,2.76,4137,122,2.28,3.8,192.69,103.69
49,MX-02,Dia,24.31,94.23,1373.0,5.65,1.49,5619,91,4.18,3.3,214.83,125.18
50,MX-02,Dia,26.54,76.79,1095.0,4.72,1.87,8133,71,1.89,0,186.68,104.85
51,MX-01,Noche,22.64,87.97,1384.0,5.8,2.42,1093,142,3.29,5.47,226.08,109.64
52,MX-01,Noche,17.63,66.93,1279.0,4.34,2.33,1041,65,2.94,2.76,186.95,92.28
53,MX-01,Tarde,22.88,72.19,1476.0,3.61,2.56,7018,58,2.47,4.47,189.72,107.51
54,MX-04,Dia,21.72,67.07,1227.0,4.57,0.87,3604,55,2.17,5.23,183.64,104.64
55,MX-02,Dia,17.61,82.52,1395.0,5.3,1.97,7638,19,1.15,1.39,193.33,117.99
56,MX-02,Tarde,17.19,62.73,1271.0,5.34,1.64,1369,16,2.5,6.22,178.99,93.09
57,MX-03,Tarde,19.82,79.83,1326.0,5.13,1.63,853,111,2.39,4.48,192.82,120.57
58,MX-01,Noche,24.58,73.91,1291.0,5.59,2.43,7908,133,2.07,1.2,196.28,107.88
59,MX-04,Noche,18.97,80.11,1381.0,5.11,2.5,8317,74,2.81,2.42,197.49,99.8
60,MX-01,Dia,22.64,65.05,1615.0,4.11,2.57,218,139,2.85,7.36,182.11,102.54
61,MX-04,Tarde,24.21,70.59,1096.0,4.36,1.41,2189,8,2.61,8.05,182.73,95.4
62,MX-01,Tarde,26.93,100,1712.0,5.78,9.36,2124,40,1.09,4.05,230.01,136.1
63,MX-04,Noche,24.25,91.91,1263.0,5.89,1.31,1343,71,2.13,4.84,202.21,107.8
64,MX-03,Noche,31.44,76.1,1484.0,3.24,1.15,8222,39,,5.14,200.27,117.08
65,MX-04,Tarde,22.59,84.4,1376.0,4.37,2.3,915,82,,3.84,198.32,106.88
66,MX-02,Tarde,19.42,90.64,1491.0,4.26,1.8,7413,26,1.44,3.46,216.98,115.61
67,MX-02,Dia,24.77,69.54,1266.0,4.34,2.63,6426,82,,0,178.14,93.74
68,MX-01,Dia,24.47,74.37,1286.0,4.82,2.44,1812,26,1.19,5.6,194.92,108.32
69,MX-01,Dia,22.02,82.37,1265.0,4.82,2.29,1493,98,1.93,2.37,199.42,116.45
70,MX-04,Tarde,22.55,62.21,1361.0,4.99,1.83,4912,140,3.51,9.91,176.16,95.65
71,MX-04,Tarde,19.91,80.5,1643.0,4.91,2.62,6081,148,3.67,6.63,218.58,113.11
72,MX-04,Dia,25.29,62.68,1245.0,4.55,2.03,8338,74,2.28,1.86,179.69,89.7
73,MX-02,Tarde,20.5,62.2,1192.0,3.74,1.38,845,80,1.11,4.19,174.94,92.41
74,MX-03,Dia,25.99,71.65,1404.0,4.97,1.1,6194,136,2.47,6.85,199.88,123.92
75,MX-04,Noche,21.17,99.35,1547.0,4.76,3.52,3896,102,3.89,14.08,227.67,103.11
76,MX-01,Dia,30.6,85.52,1513.0,5.01,1.79,6442,96,2.71,5.38,228.73,124.38
77,MX-03,Noche,24.32,81.91,1532.0,3.96,2.02,2490,12,2.88,6.41,206.91,113.11
78,MX-02,Dia,24.1,59.48,1515.0,4.28,1.55,2731,107,1.76,0,170.64,93.94
79,MX-03,Dia,20.28,86.65,1663.0,4.73,2.94,6076,16,3.0,4.12,219.88,132.01
80,MX-04,Dia,30.74,81.71,1580.0,5.09,2.17,5664,63,3.43,3.63,216.8,118.38
81,MX-02,Tarde,25.41,70.61,1390.0,3.84,1.83,2570,34,1.88,0,188.8,109.03
82,MX-02,Dia,30.39,80.02,1319.0,4.76,8.11,1058,33,2.16,0.34,204.55,104.81
83,MX-03,Tarde,28.58,86.24,1470.0,4.97,2.47,8743,78,0.82,0,218.01,127.38
84,MX-04,Tarde,26.13,91.52,1581.0,4.13,2.84,5477,38,2.76,6.15,216.29,107.76
85,MX-03,Dia,20.58,72.72,1241.0,4.74,2.27,3722,111,2.25,2.82,191.59,107.04
86,MX-04,Tarde,28.66,74.35,1473.0,4.75,3.56,7970,18,3.44,9.5,190.85,98.62
87,MX-03,Noche,17.77,72.93,1270.0,4.59,2.57,7129,14,2.65,7.98,189.67,99.28
88,MX-02,Dia,29.27,56.81,1315.0,4.06,2.77,2082,72,1.07,2.39,184.7,80.35
89,MX-01,Tarde,19.79,63.84,1419.0,4.65,2.3,5951,2,0.63,4.7,187.1,101.62
90,MX-01,Dia,22.41,67.51,1320.0,4.37,2.29,5305,84,2.35,0.17,187.72,104.42
91,MX-02,Tarde,25.96,79.4,1284.0,5.07,1.76,3731,132,2.5,8.96,203.54,105.84
92,MX-04,Tarde,31.37,75.21,1460.0,4.97,2.18,3549,78,3.33,2.27,204.01,98.52
93,MX-01,Dia,23.94,71.16,1224.0,5.26,1.16,6002,19,2.2,0.06,193.95,108.85
94,MX-01,Noche,26.16,65.24,1259.0,4.47,1.65,2087,104,3.07,4.67,184.41,91.28
95,MX-03,Dia,26.09,71.19,1237.0,4.4,1.82,5762,57,2.57,3.09,191.51,108.05
96,MX-02,Noche,23.84,67.63,1500.0,5.04,1.28,4071,27,2.48,5.58,182.55,98.3
97,MX-01,Dia,24.84,65.29,1337.0,3.76,1.01,5495,81,2.7,4.66,185.61,102.46
98,MX-03,Tarde,25.51,75.42,1420.0,4.67,2.24,6241,74,3.44,6.78,203.09,107.77
99,MX-04,Tarde,15.65,71.48,1466.0,4.4,2.49,5467,122,1.83,0,194.31,90.98
100,MX-03,Noche,26.79,91.68,1551.0,5.89,2.64,7399,135,2.6,6.77,217.38,124.76
101,MX-04,Tarde,23.29,74.75,1305.0,4.46,1.86,6533,73,2.98,3.93,206.04,105.05
102,MX-02,Dia,22.49,72.73,1336.0,3.99,3.37,6621,34,1.57,3.86,190.53,102.3
103,MX-03,Noche,19.48,59.88,1292.0,3.74,1.42,7137,131,2.77,4.64,180.49,96.14
104,MX-04,Dia,27.14,84.38,1427.0,4.74,3.13,8517,139,4.25,4.41,214.38,105.46
105,MX-02,Tarde,25.79,83.73,1365.0,4.32,2.92,915,106,2.0,2.93,213.79,112.08
106,MX-04,Dia,22.7,79.94,1716.0,5.13,1.04,3378,95,1.89,0.49,201.25,120.49
107,MX-04,Tarde,21.41,81.2,1462.0,5.57,2.33,8073,96,2.14,2.69,205.05,111.98
108,MX-03,Dia,15.96,84.42,1538.0,4.05,2.11,1702,57,2.79,0,217.38,122.75
109,MX-04,Tarde,25.44,100,1485.0,5.38,3.68,5693,38,2.78,10.99,232.87,117.18
110,MX-02,Tarde,17.23,63.08,1352.0,4.64,2.14,3733,39,1.12,2.54,178.64,96.73
111,MX-03,Dia,26.66,83.63,1315.0,4.44,3.17,8389,138,4.05,13.46,205.98,111.48
112,MX-04,Dia,26.78,69.39,1477.0,4.97,2.95,8776,93,3.23,7.28,174.3,96.18
113,MX-01,Dia,17.02,80.92,1501.0,4.87,3.16,5849,62,2.8,6.37,198.22,114.57
114,MX-03,Dia,15.92,72.01,1452.0,4.15,1.39,7812,123,1.93,1.8,204.29,118.27
115,MX-04,Dia,26.65,96.57,1567.0,4.95,2.4,7956,65,2.86,8.21,229.03,118.03
116,MX-01,Noche,33.7,75.21,1435.0,4.1,3.05,7404,99,2.45,7.89,203.45,93.81
117,MX-03,Noche,23.71,73.59,1194.0,4.21,1.74,1511,84,2.03,2.64,185.82,100.94
118,MX-04,Dia,20.83,99.44,1566.0,4.22,4.27,4698,15,4.99,14.27,223.43,117.06
119,MX-02,Noche,28.27,89.76,1460.0,4.96,3.24,6201,93,3.32,4.31,222.82,103.1
120,MX-03,Dia,19.38,79.18,1245.0,4.39,2.1,4766,64,2.36,3.83,200.97,119.37
121,MX-01,Dia,23.65,89.94,1553.0,5.09,2.93,2209,35,1.96,7.61,213.49,127.04
122,MX-01,Noche,20.77,100,1434.0,4.91,1.97,4957,77,2.86,0.2,235.52,122.78
123,MX-03,Tarde,26.42,83.09,1557.0,5.64,2.89,6244,120,3.0,8.3,203.46,117.88
124,MX-03,Dia,22.63,75.41,1248.0,4.37,2.5,1408,33,3.19,3.26,185.08,112.38
125,MX-03,Dia,27.02,65.76,1159.0,4.17,2.65,1107,32,2.8,1.7,179.32,105.45
126,MX-02,Dia,33.94,99.76,1411.0,5.51,2.37,4696,33,1.52,1.07,241.78,128.6
127,MX-02,Dia,16.35,61.29,1169.0,5.49,3.26,1530,12,3.16,12.19,171.5,89.34
128,MX-04,Tarde,27.43,100,1553.0,4.61,2.5,5149,124,2.85,11.36,225.8,119.51
129,MX-01,Dia,19.18,84.22,1390.0,5.22,2.51,5858,103,1.96,6.21,212.04,114.24
130,MX-04,Dia,22.34,72.24,1387.0,5.89,2.61,7050,64,3.67,2.57,198.79,93.1
131,MX-03,Dia,32.95,100,1264.0,5.51,2.49,6642,130,2.93,4.25,231.32,128.01
132,MX-03,Tarde,23.21,89.85,1336.0,4.49,2.5,1961,111,2.94,6.63,209.17,122.59
133,MX-01,Dia,21.03,74.91,1335.0,4.73,1.27,4782,31,2.17,4.93,197.23,106.81
134,MX-03,Tarde,34.52,82.13,1552.0,4.79,2.2,2445,86,2.48,0.58,225.14,125.23
135,MX-02,Dia,21.74,73.73,1570.0,4.73,2.05,8551,137,3.65,3.11,200.22,108.16
136,MX-03,Tarde,24.14,92.45,1447.0,5.38,1.61,636,122,2.68,10.12,226.88,128.09
137,MX-02,Tarde,21.35,74.63,1263.0,4.29,2.37,4168,9,1.87,0,189.03,104.19
138,MX-04,Dia,29.02,73.87,1260.0,4.95,0.98,1220,36,1.31,3.55,201.2,106.1
139,MX-04,Dia,29.12,99.49,1441.0,5.68,2.83,4531,124,1.74,7.86,233.96,116.45
140,MX-03,Tarde,22.73,73.29,1195.0,4.2,2.24,4680,74,2.96,7.12,177.6,112.8
141,MX-03,Noche,25.39,69.42,1308.0,5.46,1.86,4401,123,3.42,7.1,198.96,103.15
142,MX-03,Dia,30.37,67.07,1234.0,4.68,3.02,3897,60,3.17,7.09,186.49,98.92
143,MX-02,Dia,13.07,70.13,1122.0,5.35,2.65,3467,74,1.65,2.39,191.99,100.18
144,MX-02,Tarde,22.82,73.66,1095.0,5.04,2.02,3080,10,2.9,3.95,173.68,101.3
145,MX-03,Noche,30.47,78.83,1667.0,5.77,1.84,8790,127,4.92,7.4,210.01,114.0
146,MX-01,Dia,23.89,76.12,1213.0,4.81,2.11,5723,76,1.13,1.91,199.01,117.34
147,MX-04,Noche,21.88,77.55,1355.0,4.57,2.51,4264,2,2.68,3.85,203.34,97.48
148,MX-03,Tarde,11.59,70.32,1315.0,4.47,2.51,2136,120,2.49,8.47,176.52,103.66
149,MX-03,Tarde,16.35,57.99,1238.0,4.72,2.8,7654,96,2.1,1.75,176.36,89.12
150,MX-02,Tarde,25.13,71.72,1217.0,4.88,1.55,6127,20,2.5,3.27,194.66,95.94
151,MX-02,Tarde,26.62,85.93,1375.0,4.99,2.43,1689,131,3.83,5.52,210.19,113.38
152,MX-01,Tarde,27.82,73.6,1282.0,5.15,2.26,249,56,2.01,3.57,192.04,108.64
153,MX-01,Noche,34.57,88.77,1569.0,5.18,2.44,7087,96,1.12,6.94,225.83,120.44
154,MX-04,Dia,16.04,99.85,1450.0,5.96,3.53,2143,46,3.85,8.51,239.66,125.62
155,MX-01,Tarde,29.52,76.35,1362.0,4.31,1.91,7746,89,2.55,5.09,203.66,114.33
156,MX-01,Noche,17.99,61.61,1412.0,4.6,2.13,3576,18,2.35,4.46,173.6,92.88
157,MX-01,Dia,29.17,81.25,1216.0,4.72,2.25,4939,60,1.82,5.95,193.38,110.4
158,MX-03,Dia,30.13,100,1260.0,4.79,2.65,4708,16,1.32,2.85,226.59,128.68
159,MX-04,Tarde,28.4,80.93,1337.0,4.53,1.36,6888,39,2.03,3.41,207.71,104.65
160,MX-02,Dia,23.12,72.75,1159.0,5.31,1.84,7024,143,2.47,6.88,188.12,106.13
161,MX-01,Noche,25.26,74.03,1363.0,4.46,2.1,847,19,3.24,5.92,204.31,102.86
162,MX-04,Dia,17.69,85.8,1378.0,5.31,2.02,3313,31,2.18,0,217.35,110.33
163,MX-02,Dia,24.3,87.67,1416.0,5.6,2.01,6092,132,2.47,9.05,208.08,119.86
164,MX-03,Noche,16.43,70.18,1446.0,4.38,2.05,2590,5,2.09,10.99,186.88,103.12
165,MX-02,Dia,24.81,92.17,1470.0,5.78,2.92,8205,126,2.78,2.95,221.73,118.38
166,MX-04,Dia,26.2,100,1271.0,5.89,2.55,1417,13,,0.92,226.16,118.35
167,MX-02,Dia,19.17,77.62,1262.0,,1.73,8193,5,1.66,7.8,197.0,113.28
168,MX-03,Tarde,24.46,75.03,1518.0,4.63,1.65,3137,28,2.94,2.2,200.46,123.55
169,MX-03,Noche,23.45,89.0,1364.0,5.45,0.8,3900,77,1.35,1.66,202.25,121.58
170,MX-01,Dia,15.87,67.87,1449.0,4.72,2.23,3007,22,1.45,4.0,191.34,103.11
171,MX-01,Noche,27.16,74.13,1526.0,4.34,1.8,1418,72,1.97,7.12,194.7,116.04
172,MX-03,Dia,26.36,79.63,1468.0,5.29,1.28,1460,77,2.47,5.9,207.27,121.5
173,MX-03,Dia,23.43,58.59,1280.0,4.28,2.19,1800,112,1.95,5.09,176.68,93.68
174,MX-04,Noche,19.77,70.8,1510.0,4.83,1.61,3937,92,1.59,3.05,197.84,103.43
175,MX-04,Dia,17.43,64.66,1317.0,4.39,2.69,2727,100,3.29,3.88,185.11,94.33
176,MX-03,Tarde,24.14,81.76,1445.0,4.36,2.49,8595,105,2.71,5.19,198.61,113.78
177,MX-03,Noche,29.15,78.88,1435.0,4.09,0.6,4177,147,2.42,3.24,203.68,117.47
178,MX-03,Tarde,27.46,88.83,1499.0,4.57,2.64,1460,93,2.25,6.43,210.88,118.22
179,MX-02,Tarde,24.38,78.96,1217.0,5.46,1.4,7412,86,3.15,0,201.91,106.9
180,MX-03,Dia,18.54,84.97,1404.0,4.49,3.51,5428,75,3.03,4.31,219.31,114.47
181,MX-03,Dia,26.03,67.96,1461.0,5.08,1.62,640,119,2.24,7.45,188.64,114.96
182,MX-01,Noche,14.99,81.19,1293.0,4.22,2.2,4165,65,1.6,0.01,202.33,105.95
183,MX-04,Tarde,12.93,72.66,1454.0,4.37,3.61,1592,28,3.67,9.56,186.8,89.63
184,MX-01,Tarde,29.7,68.28,1210.0,5.1,2.1,7252,28,2.74,4.15,179.9,102.49
185,MX-02,Tarde,17.33,89.96,1335.0,4.79,2.3,1912,76,2.33,0,221.04,122.17
186,MX-02,Dia,31.92,67.37,1517.0,4.19,2.13,1799,113,2.48,1.8,197.83,101.91
187,MX-01,Dia,22.67,82.41,1503.0,3.85,2.16,2823,85,1.36,0,202.91,118.62
188,MX-02,Dia,29.06,71.93,1264.0,4.66,1.06,7565,110,1.72,7.81,194.93,112.63
189,MX-01,Tarde,25.9,65.01,1277.0,4.85,2.82,8219,136,3.74,10.51,180.83,91.68
190,MX-01,Dia,27.22,86.61,1301.0,5.34,1.46,5073,22,1.91,1.7,208.9,126.65
191,MX-03,Tarde,18.81,77.22,1468.0,5.22,2.51,3038,143,4.07,8.68,205.65,115.83
192,MX-01,Noche,32.86,90.09,1414.0,5.27,2.89,8481,127,2.29,9.48,220.3,106.65
193,MX-02,Dia,32.3,81.59,1388.0,5.32,1.88,7692,145,3.09,7.36,200.22,109.31
194,MX-01,Dia,23.25,48,1147.0,3.45,1.96,7431,140,3.24,10.3,157.5,76.05
195,MX-02,Dia,29.47,77.95,1266.0,5.61,0.6,4082,54,3.04,5.49,192.49,111.93
196,MX-04,Dia,30.35,82.8,1482.0,5.0,2.39,5947,137,2.88,10.62,207.91,112.81
197,MX-03,Tarde,29.74,74.1,1554.0,4.24,2.8,6943,16,3.08,11.04,202.22,115.95
198,MX-02,Dia,31.17,74.37,1458.0,5.06,1.74,2529,148,2.58,4.72,200.61,109.64
199,MX-01,Dia,23.99,61.06,1405.0,4.14,1.48,1726,118,2.77,2.37,173.44,106.61
200,MX-04,Dia,16.79,71.14,1396.0,4.61,3.23,5733,141,2.87,8.58,186.79,94.17
201,MX-01,Dia,17.32,63.08,1595.0,4.68,2.53,7209,52,2.85,10.57,187.23,106.16
202,MX-03,Dia,21.14,75.08,1419.0,4.43,1.52,1048,102,1.62,0.73,197.77,113.87
203,MX-01,Tarde,29.69,78.09,1453.0,5.13,2.17,5829,31,2.11,7.13,204.53,114.99
204,MX-04,Dia,25.41,79.77,1351.0,4.61,2.54,6470,35,1.54,0.5,208.52,107.36
205,MX-02,Tarde,22.79,62.76,1391.0,4.97,1.78,1620,26,0.92,4.98,184.45,99.14
206,MX-04,Dia,19.38,83.65,1498.0,5.52,2.55,4868,7,2.79,0.41,207.52,117.07
207,MX-02,Tarde,23.53,81.54,1652.0,4.19,1.93,8385,19,2.21,0,208.21,125.09
208,MX-02,Dia,23.04,84.1,1319.0,4.69,2.1,7917,19,2.46,4.12,205.77,114.67
209,MX-01,Noche,20.71,83.41,1374.0,4.14,1.71,2701,72,2.53,5.05,207.67,120.61
210,MX-02,Tarde,17.55,65.93,1443.0,5.0,1.48,1283,80,1.84,0,188.36,102.74
211,MX-01,Noche,29.13,88.08,1613.0,5.31,2.12,407,36,1.84,3.46,216.94,125.3
212,MX-03,Dia,22.23,91.39,1612.0,5.01,3.56,680,86,3.39,6.58,230.68,127.67
213,MX-01,Tarde,22.32,77.75,1440.0,4.62,2.72,2089,59,3.21,4.59,200.86,109.94
214,MX-01,Tarde,23.39,73.35,1418.0,5.66,1.74,7070,58,1.88,6.8,194.57,109.48
215,MX-01,Tarde,29.47,89.22,1532.0,5.2,2.18,6768,18,2.18,8.31,211.67,124.26
216,MX-01,Tarde,19.73,85.35,1436.0,4.62,2.03,4174,119,1.46,11.42,220.69,116.38
217,MX-02,Dia,25.0,77.0,1225.0,4.66,2.17,5688,1,2.11,4.16,189.21,106.42
218,MX-02,Tarde,19.73,78.95,1539.0,6.46,2.89,4784,24,2.8,6.03,208.71,108.4
219,MX-03,Tarde,23.91,63.5,1152.0,4.55,1.62,1220,112,3.17,4.13,174.28,98.32
220,MX-04,Tarde,33.42,77.12,1286.0,4.82,2.41,3521,35,2.37,0.09,205.77,100.86
221,MX-04,Dia,27.42,85.13,1447.0,4.46,1.16,1681,41,2.51,4.9,206.02,113.24
222,MX-02,Noche,17.47,75.74,1430.0,4.82,2.72,8612,13,1.96,2.49,200.15,101.33
223,MX-04,Noche,18.07,73.21,1417.0,4.89,2.28,1210,57,1.86,7.81,203.47,91.9
224,MX-01,Tarde,29.07,76.88,1609.0,,2.23,7465,33,3.34,7.18,207.87,113.09
225,MX-04,Dia,28.73,72.62,1346.0,4.17,1.77,5999,55,2.7,6.02,192.07,98.54
226,MX-02,Tarde,24.94,55.22,1283.0,4.19,2.23,6475,36,1.32,6.09,171.67,85.28
227,MX-01,Noche,24.94,67.83,1211.0,4.5,2.75,6563,70,1.77,5.89,188.44,95.33
228,MX-03,Dia,34.43,91.49,1455.0,5.34,0.6,2815,26,2.21,6.23,215.94,133.35
229,MX-01,Tarde,30.2,73.36,1490.0,4.71,3.76,3046,46,2.59,10.02,206.03,101.93
230,MX-01,Tarde,19.3,69.51,1477.0,5.45,3.24,8264,139,3.36,13.58,196.02,102.45
231,MX-02,Dia,19.55,79.36,1238.0,4.29,2.01,5501,16,2.57,7.95,199.28,113.37
232,MX-03,Noche,19.71,59.61,1507.0,4.31,2.35,5144,83,2.47,5.33,191.29,94.5
233,MX-04,Tarde,30.03,100,1409.0,4.22,2.82,3072,97,1.86,3.47,239.15,119.03
234,MX-04,Noche,29.8,79.86,1250.0,,2.64,3819,145,3.84,9.93,200.98,95.72
235,MX-03,Noche,29.13,97.91,1655.0,5.67,1.92,7517,3,1.08,3.78,237.73,137.35
236,MX-01,Tarde,25.59,89.28,1490.0,4.82,2.51,6983,127,3.35,4.27,208.39,124.68
237,MX-02,Dia,32.65,87.5,1413.0,5.47,2.49,2987,97,2.24,4.63,220.55,125.26
238,MX-03,Tarde,19.06,68.46,1257.0,5.84,2.45,2903,112,2.77,6.12,186.65,107.83
239,MX-03,Tarde,23.34,82.72,1300.0,5.35,2.02,262,110,2.57,9.56,209.62,114.0
240,MX-01,Dia,19.95,82.36,1504.0,5.79,2.72,5252,102,0.95,5.93,207.63,124.79
241,MX-04,Dia,27.61,71.04,1272.0,4.85,1.82,4600,145,3.3,12.24,193.5,96.2
242,MX-03,Noche,22.16,62.15,1420.0,4.57,2.39,6542,134,2.24,8.54,186.63,92.78
243,MX-02,Tarde,33.49,89.3,1420.0,4.51,3.15,2615,31,1.92,9.87,219.76,111.07
244,MX-02,Noche,23.05,86.1,1525.0,5.56,2.2,2622,67,1.72,8.38,214.35,110.49
245,MX-04,Tarde,27.76,67.56,1359.0,4.61,1.98,7074,29,1.31,2.54,189.63,91.26
246,MX-01,Noche,19.58,73.31,1350.0,4.63,2.86,5833,106,2.48,10.16,187.63,96.4
247,MX-02,Dia,28.24,89.84,1442.0,4.96,,4092,13,1.8,4.56,203.72,118.72
248,MX-03,Dia,23.39,89.98,1257.0,4.57,1.02,3934,35,1.84,8.7,212.19,125.12
249,MX-04,Tarde,28.57,84.32,1532.0,4.72,1.54,6326,15,2.28,2.24,212.86,111.56
250,MX-02,Noche,29.51,63.9,1301.0,5.05,3.2,3488,15,2.72,10.29,192.12,84.99
251,MX-03,Dia,19.1,80.47,1568.0,4.56,2.23,7508,46,3.01,7.3,206.09,117.93
252,MX-03,Tarde,22.54,74.62,1287.0,4.57,2.41,3711,57,1.57,0.39,192.98,114.14
253,MX-01,Noche,31.41,74.59,1315.0,4.83,2.66,3866,65,3.31,0,190.19,99.77
254,MX-03,Tarde,16.35,70.73,1436.0,4.71,2.82,8730,102,2.36,5.06,208.43,106.58
255,MX-03,Tarde,20.61,73.02,1315.0,4.24,1.97,5527,71,2.68,3.67,201.93,111.93
256,MX-02,Tarde,21.36,78.23,1437.0,5.43,1.42,6820,82,1.73,0,190.18,102.35
257,MX-03,Noche,17.26,88.14,1109.0,,2.51,3843,137,2.46,4.76,200.27,112.34
258,MX-03,Noche,22.28,90.13,1249.0,5.2,,2296,67,2.06,0.24,223.78,111.64
259,MX-03,Tarde,24.62,85.7,1520.0,4.64,2.63,5017,119,2.28,7.66,207.4,123.11
260,MX-01,Tarde,19.07,79.9,1461.0,4.64,1.59,6968,14,2.48,2.76,209.9,117.59
261,MX-04,Dia,26.05,72.72,1463.0,4.97,2.68,1150,2,2.15,2.41,197.06,103.24
262,MX-02,Tarde,17.52,78.4,1346.0,4.34,1.69,6809,110,3.23,4.16,203.61,107.67
263,MX-03,Noche,30.55,66.39,1315.0,4.61,3.09,3907,89,2.61,5.94,191.01,91.7
264,MX-01,Noche,23.91,75.28,1476.0,4.71,1.47,5735,112,4.35,0,192.14,116.34
265,MX-03,Tarde,29.55,98.62,1507.0,5.18,2.93,3660,6,4.37,4.12,228.88,127.04
266,MX-01,Dia,29.39,65.99,1176.0,4.14,1.68,985,28,2.12,3.51,180.91,98.46
267,MX-04,Dia,23.87,95.11,1531.0,5.93,3.13,1854,134,3.46,8.85,232.53,121.03
268,MX-01,Tarde,31.15,71.38,1296.0,4.85,1.57,3472,68,3.12,0,190.75,110.86
269,MX-02,Dia,20.59,78.17,1494.0,4.68,3.02,2009,147,3.53,9.03,200.18,109.36
270,MX-01,Noche,27.21,70.51,1253.0,5.1,2.14,1020,26,2.75,0,191.57,98.62
271,MX-03,Tarde,31.29,92.29,1479.0,5.1,2.97,5584,92,3.23,11.73,215.25,121.14
272,MX-03,Noche,32.07,82.56,1529.0,5.34,2.1,6519,123,3.11,1.71,215.72,114.06
273,MX-01,Noche,25.31,73.73,1491.0,4.47,1.66,6421,92,1.92,0,190.04,112.69
274,MX-02,Tarde,18.48,55.07,1299.0,4.23,2.27,5348,4,1.9,0,171.42,84.43
275,MX-02,Noche,21.81,69.24,1167.0,4.57,2.87,4272,124,3.48,4.72,191.69,83.13
276,MX-01,Dia,30.33,89.96,1398.0,4.52,2.5,2909,20,2.21,1.36,216.2,125.1
277,MX-02,Tarde,17.34,92.01,1579.0,5.4,2.23,8366,115,2.52,1.8,237.32,121.6
278,MX-04,Dia,23.05,77.81,1393.0,5.43,2.6,5190,131,1.99,4.83,194.93,104.85
279,MX-01,Noche,26.51,69.8,1372.0,4.02,2.09,7614,30,1.55,7.6,195.12,103.72
280,MX-03,Tarde,24.06,74.34,1417.0,5.25,1.81,6904,28,2.19,5.98,205.15,121.24
281,MX-02,Tarde,25.56,60.87,1406.0,4.84,3.14,2218,116,2.52,4.12,182.31,80.58
282,MX-01,Tarde,23.66,100,1589.0,5.6,2.19,8528,46,2.05,2.27,232.85,132.75
283,MX-03,Tarde,13.56,98.33,1672.0,4.84,2.46,5019,116,4.45,5.83,228.73,126.36
284,MX-03,Noche,17.74,68.88,1319.0,4.63,1.5,3760,52,2.48,8.6,182.37,96.02
285,MX-02,Noche,16.6,55.56,1098.0,4.39,2.08,5971,144,3.48,3.65,167.08,78.9
286,MX-03,Noche,19.49,76.44,1396.0,5.21,2.53,1069,15,2.56,8.75,201.25,111.56
287,MX-03,Dia,32.1,85.32,1474.0,5.6,1.83,3875,144,3.77,4.77,221.47,126.76
288,MX-01,Noche,16.61,57.03,1485.0,4.87,2.13,1081,4,2.18,1.98,185.66,90.04
289,MX-04,Noche,30.63,68.93,1229.0,4.01,,3370,76,1.93,0,194.87,100.87
290,MX-01,Dia,29.78,65.36,1398.0,5.06,2.73,4378,2,1.67,8.78,190.4,105.14
291,MX-03,Tarde,25.04,62.76,1375.0,4.2,2.37,1394,82,1.34,0,179.29,94.76
292,MX-02,Dia,22.87,73.3,1359.0,4.83,2.57,5637,85,1.88,5.62,194.07,98.73
293,MX-01,Dia,21.9,84.72,1260.0,,2.21,5458,98,2.54,10.24,197.88,109.46
294,MX-03,Dia,28.1,59.23,1279.0,3.89,2.14,8175,12,1.91,8.17,175.21,100.29
295,MX-01,Dia,29.98,74.29,1421.0,4.79,1.75,7150,27,1.14,5.55,210.78,119.26
296,MX-04,Tarde,18.32,94.94,1406.0,5.51,3.05,5634,10,2.72,6.77,223.19,108.42
297,MX-02,Noche,19.42,84.61,1342.0,5.24,1.99,296,17,2.42,4.15,199.11,108.81
298,MX-01,Dia,22.15,72.11,1215.0,4.52,3.43,6449,102,3.32,7.65,191.25,100.88
299,MX-04,Noche,26.45,70.54,1290.0,4.4,3.28,6313,3,1.64,3.8,186.39,88.84
300,MX-04,Tarde,24.35,86.86,1406.0,5.03,1.08,5833,55,1.34,6.26,207.84,114.3
301,MX-02,Tarde,23.96,83.43,1348.0,4.4,3.06,7757,141,3.85,13.61,209.79,102.74
302,MX-04,Noche,27.32,67.77,1484.0,4.7,2.65,1343,50,1.88,7.23,186.95,89.4
303,MX-02,Tarde,21.13,85.22,1420.0,5.03,2.22,7345,71,2.7,4.86,207.05,112.35
304,MX-04,Tarde,13.8,79.97,1268.0,,2.7,1543,72,2.44,3.22,195.11,101.06
305,MX-01,Tarde,31.58,64.57,1179.0,3.92,1.37,3685,10,1.63,0.44,181.61,104.63
306,MX-02,Dia,23.95,81.16,1614.0,4.88,1.75,7813,129,2.2,6.12,200.9,116.69
307,MX-02,Tarde,25.87,83.0,1278.0,4.7,2.41,8121,92,1.95,8.92,206.11,107.1
308,MX-02,Dia,27.89,84.44,1680.0,4.63,2.67,7648,12,3.18,5.45,228.87,123.75
309,MX-03,Noche,23.48,91.74,1544.0,5.78,1.91,1475,133,3.74,6.56,236.8,125.63
310,MX-03,Tarde,29.03,63.12,1339.0,4.29,2.2,2913,59,3.09,6.01,184.37,103.44
311,MX-03,Tarde,27.0,63.23,1229.0,4.79,2.82,8048,54,2.92,1.48,173.92,95.83
312,MX-02,Tarde,25.98,86.21,1579.0,5.66,2.42,1116,43,2.18,5.89,222.78,116.37
313,MX-01,Noche,22.72,57.78,1373.0,4.34,1.71,8091,44,1.71,4.59,181.72,97.31
314,MX-02,Tarde,29.16,71.35,1357.0,4.28,1.06,1327,59,1.93,5.11,201.18,106.22
315,MX-04,Noche,21.54,73.77,1506.0,4.38,2.69,2125,24,1.6,2.86,198.53,90.37
316,MX-04,Tarde,18.33,75.75,1410.0,4.46,2.13,8099,98,1.6,8.38,207.71,96.3
317,MX-01,Tarde,23.76,96.74,1531.0,5.12,2.05,4423,49,1.69,8.95,226.7,134.12
318,MX-01,Dia,24.27,83.49,1631.0,4.77,2.34,7180,150,3.25,13.89,207.88,120.29
319,MX-03,Noche,21.3,82.46,1272.0,4.74,2.5,8125,65,3.01,7.93,202.19,109.8
320,MX-02,Noche,19.02,68.15,1178.0,3.93,2.48,2850,26,2.36,6.96,179.22,94.11
321,MX-01,Dia,24.5,77.75,1450.0,5.01,2.73,1249,68,1.86,4.84,203.97,116.94
322,MX-04,Tarde,25.16,60.8,1284.0,3.53,1.44,3071,127,2.43,6.91,171.09,82.38
323,MX-03,Dia,25.27,65.15,1278.0,3.95,1.96,204,41,1.61,6.06,184.63,99.57
324,MX-04,Tarde,28.4,60.14,1284.0,4.7,2.3,4861,144,3.73,6.11,182.49,85.81
325,MX-02,Tarde,23.6,78.6,1463.0,5.4,1.59,5770,30,1.9,6.45,188.68,118.51
326,MX-03,Tarde,17.57,91.84,1431.0,5.24,1.52,7717,118,3.81,1.83,213.39,129.92
327,MX-04,Tarde,31.51,77.4,1405.0,5.28,2.84,359,68,2.02,5.2,207.62,96.96
328,MX-01,Tarde,15.77,82.15,1510.0,5.07,2.9,3194,49,1.87,5.53,207.2,106.71
329,MX-02,Dia,28.84,59.98,1176.0,5.18,2.36,8271,2,2.39,4.33,167.94,98.12
330,MX-03,Tarde,25.51,100,1482.0,5.69,2.26,8574,72,1.27,6.99,234.11,138.72
331,MX-04,Tarde,18.28,74.71,1235.0,5.27,2.89,8690,118,4.52,6.71,193.24,92.81
332,MX-01,Dia,19.66,71.52,1302.0,4.38,2.08,7922,88,1.65,6.63,192.67,112.38
333,MX-03,Dia,19.56,85.04,1129.0,4.4,1.81,4622,61,1.02,0,198.25,122.23
334,MX-02,Tarde,32.46,89.49,1460.0,5.79,3.23,8670,137,3.38,4.92,219.51,116.62
335,MX-01,Dia,23.36,74.4,1430.0,4.26,1.79,5683,67,1.64,1.53,202.93,116.07
336,MX-01,Dia,22.4,68.15,1492.0,4.15,1.76,3059,73,1.56,7.54,181.3,108.86
337,MX-01,Dia,22.39,93.14,1515.0,5.4,2.66,6831,19,1.61,6.73,224.28,125.46
338,MX-03,Tarde,30.7,59.78,1457.0,4.72,0.92,8735,116,2.29,6.26,193.82,107.14
339,MX-03,Noche,23.38,73.72,1402.0,4.98,3.24,1081,7,3.33,7.68,188.25,105.25
340,MX-02,Dia,23.94,87.94,1395.0,5.16,3.19,7460,33,3.62,11.18,221.12,113.36
341,MX-03,Noche,14.1,82.56,1557.0,4.7,3.09,3100,117,4.34,4.89,203.73,106.73
342,MX-03,Noche,21.62,70.16,1366.0,5.07,2.45,6953,67,2.26,4.36,180.33,102.75
343,MX-02,Dia,23.37,78.27,1653.0,4.3,2.13,7252,75,2.21,0,201.12,111.87
344,MX-04,Dia,23.04,87.32,1609.0,4.67,2.62,4508,21,1.74,5.16,218.22,105.37
345,MX-03,Dia,23.6,58.01,1094.0,4.97,2.39,7660,116,3.2,4.7,177.26,94.65
346,MX-01,Noche,24.91,100,1550.0,5.25,3.0,7383,3,2.51,7.72,225.25,123.86
347,MX-03,Noche,19.18,78.11,1386.0,4.74,3.0,2593,15,3.03,5.7,206.32,104.67
348,MX-03,Noche,23.15,80.65,1354.0,4.96,1.79,7457,64,2.19,3.22,192.64,115.75
349,MX-02,Tarde,22.19,69.35,1277.0,5.32,3.45,8734,32,3.48,8.16,195.7,97.29
350,MX-02,Noche,33.91,79.03,1528.0,5.77,2.29,2160,102,2.44,3.77,222.77,106.85
351,MX-04,Tarde,28.82,93.62,1474.0,5.76,2.31,1183,16,1.61,2.93,225.94,116.15
352,MX-04,Dia,23.46,97.26,1467.0,5.28,1.63,7387,50,2.88,4.39,224.66,120.32
353,MX-01,Tarde,20.14,81.52,1387.0,4.62,2.4,7874,71,,6.73,198.51,113.84
354,MX-02,Tarde,21.73,83.8,1288.0,4.15,,8489,98,2.2,0,200.6,104.83
355,MX-02,Dia,36.05,89.14,1483.0,4.79,1.96,2725,73,1.11,2.11,233.72,120.77
356,MX-01,Dia,27.89,84.38,1398.0,5.22,2.25,3339,26,3.18,4.85,203.87,122.96
357,MX-03,Dia,25.45,95.2,1751.0,5.3,1.85,1510,120,1.41,5.93,227.99,130.81
358,MX-04,Noche,19.79,79.05,1360.0,4.43,1.75,1353,78,2.63,4.98,198.11,99.48
359,MX-02,Tarde,26.27,90.48,1459.0,5.81,2.79,7002,28,3.25,5.34,209.22,114.61
360,MX-04,Noche,17.07,81.46,1478.0,4.56,2.49,2791,137,3.8,6.93,203.57,101.98
361,MX-03,Noche,17.97,86.15,1485.0,4.63,2.28,6345,141,4.0,9.33,210.44,118.97
362,MX-04,Dia,22.7,86.79,1460.0,5.3,2.29,5145,2,2.05,6.02,213.42,113.27
363,MX-03,Noche,17.51,76.99,1342.0,4.74,1.89,4541,94,2.37,5.75,195.02,109.11
364,MX-04,Tarde,28.22,78.9,1447.0,4.62,2.76,8199,148,3.38,7.44,203.15,99.1
365,MX-04,Dia,32.06,84.5,1300.0,5.74,1.24,3914,3,2.91,1.17,205.13,118.65
366,MX-03,Tarde,26.03,85.67,1548.0,5.04,2.4,6636,115,2.67,1.27,218.88,125.52
367,MX-04,Dia,21.07,88.71,1444.0,4.44,2.29,7318,34,2.9,4.26,207.71,113.96
368,MX-02,Tarde,28.75,91.41,1459.0,5.15,2.86,7246,83,1.91,1.68,224.81,119.27
369,MX-03,Dia,21.11,91.33,1563.0,5.19,3.18,7445,38,2.62,0.56,225.65,129.25
370,MX-02,Tarde,31.56,81.23,1364.0,6.07,2.65,2619,74,3.27,4.65,213.63,111.59
371,MX-01,Dia,23.78,70.42,1166.0,4.47,1.47,2515,5,1.9,41.56,194.78,105.31
372,MX-01,Dia,23.36,81.72,1252.0,5.62,2.46,336,18,1.77,5.54,206.64,111.0
373,MX-01,Dia,28.87,66.21,1350.0,5.11,2.45,5368,125,2.78,8.47,181.77,103.9
374,MX-04,Tarde,29.43,77.27,1358.0,5.22,1.98,8227,101,2.39,3.5,199.09,99.99
375,MX-03,Dia,29.84,76.23,1450.0,4.18,3.04,682,143,2.44,11.66,201.51,106.82
376,MX-02,Dia,28.19,57.34,1498.0,3.91,1.7,3926,107,2.53,6.28,192.49,93.87
377,MX-03,Tarde,28.92,89.78,1295.0,4.73,2.46,8782,35,2.56,0,219.8,122.8
378,MX-02,Dia,16.75,52.92,1167.0,4.68,2.53,2584,8,2.34,0,159.37,89.35
379,MX-04,Tarde,27.1,63.91,1319.0,4.29,2.31,629,69,2.54,0.75,176.69,88.76
380,MX-01,Dia,21.94,73.26,1245.0,4.08,2.19,6326,48,2.69,1.21,193.58,108.69
381,MX-01,Dia,35.18,73.12,1452.0,4.65,2.02,3551,17,1.79,7.3,218.41,103.56
382,MX-03,Noche,26.58,86.84,1357.0,5.15,1.52,6432,81,0.9,8.38,203.44,117.29
383,MX-01,Tarde,15.06,84.17,1809.0,5.42,1.65,843,143,3.07,3.56,224.87,129.14
384,MX-04,Dia,23.24,71.07,1572.0,4.21,2.34,1093,133,3.62,4.74,195.0,98.75
385,MX-01,Dia,14.89,66.07,1221.0,4.48,2.14,7633,52,2.34,4.96,180.04,98.69
386,MX-02,Tarde,30.46,81.86,1456.0,4.49,2.36,8782,99,2.09,0,207.74,108.45
387,MX-04,Dia,26.15,86.74,1604.0,4.31,2.42,1040,108,2.86,2.91,225.25,115.62
388,MX-02,Dia,23.0,83.02,1480.0,4.69,1.91,7714,128,3.42,3.28,221.02,114.98
389,MX-02,Dia,21.04,67.81,1192.0,4.9,3.34,4756,143,3.91,12.0,179.47,91.39
390,MX-03,Dia,25.54,87.9,1303.0,5.28,1.91,1636,13,3.93,10.04,212.66,127.78
391,MX-02,Noche,23.98,67.6,1543.0,4.84,1.68,1308,110,3.9,5.41,189.87,97.46
392,MX-03,Dia,24.47,71.53,1405.0,4.77,2.38,1636,124,2.66,1.89,195.2,104.97
393,MX-04,Tarde,21.52,90.27,1568.0,5.09,2.87,8714,128,3.63,5.7,219.72,106.08
394,MX-02,Dia,19.02,93.24,1496.0,5.88,3.21,6993,106,3.64,8.31,222.73,116.43
395,MX-02,Tarde,23.95,82.12,1368.0,5.54,2.23,5660,88,1.86,0.91,209.49,119.26
396,MX-02,Dia,21.66,69.37,1504.0,5.46,1.71,2424,124,3.25,8.68,201.32,100.62
397,MX-04,Noche,16.94,87.33,1493.0,4.68,2.21,506,54,1.6,1.62,211.61,113.46
398,MX-01,Noche,19.52,77.47,1422.0,5.55,2.12,2919,147,2.87,6.57,208.3,112.38
399,MX-03,Tarde,23.5,80.56,1287.0,5.21,2.25,5158,56,2.97,2.16,200.27,115.35
400,MX-02,Noche,24.98,75.68,1393.0,4.23,2.27,3316,88,3.21,1.75,187.38,98.85
401,MX-02,Tarde,35.58,96.08,1111.0,5.06,2.63,6550,134,3.18,8.8,227.95,115.91
402,MX-01,Dia,26.65,81.94,1379.0,5.02,1.29,568,148,3.3,3.56,205.8,122.37
403,MX-03,Dia,21.73,88.76,1499.0,5.27,2.32,8622,27,2.32,4.75,221.36,128.04
404,MX-03,Tarde,26.51,82.51,1509.0,5.44,1.77,1031,34,3.69,5.17,214.34,125.26
405,MX-01,Tarde,26.91,91.36,1271.0,,2.18,5319,86,1.28,5.95,204.77,116.41
406,MX-04,Tarde,18.57,94.53,1597.0,5.12,2.3,5285,120,1.07,6.94,233.25,124.03
407,MX-03,Noche,17.96,88.7,1341.0,4.31,2.78,695,17,1.68,2.12,212.83,112.71
408,MX-03,Tarde,24.74,81.57,1453.0,5.3,1.31,5539,143,2.42,3.15,200.26,122.24
409,MX-04,Dia,24.12,84.47,1383.0,5.01,2.42,7263,112,3.64,2.46,205.69,107.48
410,MX-01,Tarde,21.11,73.04,1148.0,5.27,2.69,5530,143,3.78,9.75,186.16,103.7
411,MX-01,Tarde,16.39,66.4,1256.0,5.26,2.56,2476,149,3.45,11.42,178.22,99.48
412,MX-02,Tarde,24.0,74.08,1536.0,4.46,2.32,5387,77,0.8,1.17,194.46,115.82
413,MX-04,Tarde,37.11,60.97,1167.0,4.18,1.14,5019,16,2.11,1.42,191.0,93.24
414,MX-03,Dia,26.55,77.44,1422.0,4.24,2.51,5412,98,1.72,5.79,201.37,116.49
415,MX-02,Dia,15.49,94.58,1515.0,4.95,3.35,2400,3,2.9,8.25,223.84,118.53
416,MX-04,Noche,18.32,81.93,1464.0,5.28,1.18,7174,47,1.49,4.89,209.43,104.49
417,MX-02,Dia,18.8,69.18,1401.0,4.38,1.63,6212,9,2.19,7.85,188.98,104.46
418,MX-04,Noche,21.65,93.6,1567.0,4.2,2.32,4778,120,1.89,5.21,220.02,107.66
419,MX-01,Tarde,17.62,74.47,1181.0,4.08,2.12,7638,132,2.93,9.82,186.51,99.8
420,MX-03,Dia,28.07,100,1565.0,5.3,1.84,4467,16,1.57,1.14,224.43,139.79
421,MX-03,Noche,21.08,71.63,1487.0,5.03,2.46,2371,72,1.75,3.64,199.7,106.82
422,MX-02,Tarde,17.21,73.33,1426.0,4.84,1.8,3162,136,3.44,4.78,198.55,106.09
423,MX-02,Noche,24.09,66.65,1207.0,,2.15,5853,14,1.78,0.85,174.31,96.41
424,MX-04,Tarde,26.02,51.53,1306.0,4.65,2.01,6590,122,2.71,9.44,161.94,83.46
425,MX-04,Dia,21.53,90.39,1509.0,5.05,1.88,7274,70,2.07,2.8,222.27,122.7
426,MX-04,Tarde,28.22,74.3,1297.0,4.38,1.37,8718,87,1.23,0,194.58,102.64
427,MX-01,Noche,26.26,78.37,1500.0,5.2,2.29,3363,9,2.76,5.3,203.95,115.98
428,MX-02,Noche,21.25,66.84,1196.0,5.35,2.94,2328,97,1.68,0.35,167.74,86.59
429,MX-01,Tarde,23.88,90.34,1614.0,4.83,2.78,7195,83,1.94,4.65,231.2,122.16
430,MX-04,Dia,25.77,100,1615.0,5.25,3.32,8256,52,2.53,6.37,229.04,120.74
431,MX-04,Dia,17.14,58.97,1288.0,4.25,2.84,4305,115,3.11,9.91,175.78,84.18
432,MX-01,Tarde,23.83,76.24,1571.0,5.36,1.79,8644,126,2.14,6.5,201.25,108.36
433,MX-01,Tarde,36.41,78.57,1455.0,4.35,1.03,6080,86,1.53,2.74,207.48,106.5
434,MX-01,Dia,14.67,84.06,1338.0,5.44,1.42,4950,52,2.29,4.76,203.41,124.44
435,MX-04,Noche,20.78,70.41,1503.0,5.07,2.17,3363,7,1.82,3.24,186.17,96.16
436,MX-03,Tarde,24.12,97.62,1445.0,5.34,2.62,5758,15,1.61,8.19,221.84,132.31
437,MX-04,Noche,28.25,68.07,1340.0,,3.01,8210,5,2.97,0,190.98,94.76
438,MX-02,Dia,26.21,61.97,1122.0,4.64,1.98,2996,17,2.34,2.7,163.67,94.74
439,MX-02,Dia,25.33,87.54,1544.0,4.35,2.06,2450,83,2.41,6.75,206.52,118.56
440,MX-03,Dia,17.32,75.23,1581.0,5.04,2.66,2903,113,2.65,9.3,208.9,120.76
441,MX-04,Tarde,29.75,79.25,1477.0,4.9,9.36,4848,107,3.15,4.1,197.06,100.04
442,MX-02,Tarde,24.39,66.78,1321.0,5.27,1.91,816,47,2.0,0,194.72,105.51
443,MX-03,Dia,27.66,78.23,1505.0,5.28,2.63,8515,57,2.58,0.05,206.12,120.17
444,MX-01,Noche,25.59,66.55,1048.0,4.32,2.25,906,14,1.85,2.06,173.09,94.46
445,MX-04,Dia,23.32,53.02,1365.0,5.14,1.93,4055,114,2.66,2.89,166.8,90.46
446,MX-03,Dia,31.13,84.09,1481.0,5.02,2.77,3476,97,2.54,4.09,212.74,119.76
447,MX-04,Dia,28.95,72.69,1319.0,4.93,2.05,4618,52,1.23,3.61,195.67,98.77
448,MX-01,Noche,22.3,71.49,1381.0,4.15,3.15,2768,44,1.88,4.98,193.1,101.46
449,MX-04,Noche,25.19,90.18,1436.0,5.12,1.38,4260,84,2.82,2.05,217.83,120.18
450,MX-01,Dia,18.68,100,1606.0,5.24,2.08,7174,136,2.02,10.25,231.26,132.45
451,MX-04,Dia,23.26,77.38,1358.0,3.63,2.51,1686,5,2.63,1.46,199.46,99.26
452,MX-01,Noche,14.54,72.15,1381.0,4.65,1.86,6268,119,2.71,5.37,188.97,100.05
453,MX-03,Tarde,21.59,95.61,1430.0,4.56,2.24,1526,86,1.98,3.91,220.48,133.95
454,MX-01,Dia,21.48,67.85,1469.0,4.45,2.46,1297,144,3.05,5.56,194.54,103.75
455,MX-01,Tarde,23.34,59.68,1432.0,3.93,2.22,5450,91,1.03,6.85,175.18,95.17
456,MX-03,Dia,24.78,64.6,1341.0,5.16,2.8,4988,116,1.76,2.59,193.31,101.3
457,MX-01,Dia,25.59,74.87,1321.0,5.0,2.41,2899,71,2.13,5.29,197.07,111.21
458,MX-01,Dia,26.74,91.49,1434.0,5.44,2.8,7472,6,2.14,6.05,220.65,122.47
459,MX-03,Dia,20.03,91.23,1387.0,5.72,2.07,7495,118,1.43,4.91,219.16,130.34
460,MX-03,Dia,21.02,71.71,1435.0,4.89,1.94,4859,117,3.62,4.23,197.88,117.59
461,MX-02,Noche,28.09,63.69,1289.0,4.32,2.21,5387,148,3.45,9.47,185.17,90.14
462,MX-01,Tarde,29.89,84.17,1416.0,3.69,2.68,5140,32,2.83,2.92,208.23,112.73
463,MX-04,Noche,31.38,100,1368.0,5.13,2.45,4948,147,2.76,5.08,221.69,109.36
464,MX-03,Tarde,12.8,75.28,1126.0,5.21,2.73,5247,7,1.11,8.01,187.98,107.71
465,MX-01,Tarde,26.07,90.66,1498.0,4.28,2.47,7498,23,2.48,6.97,217.34,115.38
466,MX-01,Noche,24.41,74.0,1427.0,5.07,1.78,6308,4,2.06,6.73,208.57,106.86
467,MX-01,Dia,30.26,66.27,1224.0,4.9,2.66,7144,107,3.47,7.4,191.87,100.72
468,MX-04,Noche,25.76,68.18,1329.0,5.27,1.9,6356,23,3.2,4.18,186.49,96.42
469,MX-04,Tarde,24.09,72.03,1411.0,5.19,2.05,5147,150,3.21,6.72,200.97,98.01
470,MX-01,Dia,24.27,73.12,1534.0,4.59,1.99,4913,107,3.16,10.46,197.21,110.59
471,MX-03,Tarde,30.64,75.27,1293.0,5.24,1.81,7999,31,2.41,0.59,205.62,117.73
472,MX-01,Dia,24.43,61.59,1358.0,4.43,2.34,6117,108,1.38,0,184.6,100.89
473,MX-01,Tarde,24.33,71.04,1526.0,5.19,1.13,5132,70,1.81,2.19,186.99,119.5
474,MX-02,Dia,27.73,67.44,1329.0,4.19,2.25,2871,27,2.37,7.48,192.2,92.93
475,MX-01,Dia,26.15,75.24,1396.0,4.87,1.71,2477,114,3.51,8.23,192.03,112.74
476,MX-03,Dia,19.44,81.08,1332.0,5.09,1.96,3912,79,2.46,5.12,210.69,122.85
477,MX-01,Dia,25.3,59.71,1359.0,4.56,2.38,1171,121,1.95,7.36,180.74,102.28
478,MX-01,Noche,27.0,84.54,1389.0,5.25,2.0,5959,8,3.34,7.13,221.82,110.31
479,MX-03,Dia,29.35,62.87,1211.0,4.17,3.13,429,136,3.99,9.91,184.13,91.74
480,MX-01,Noche,34.55,84.21,1474.0,4.2,2.18,6204,48,0.56,6.79,220.59,112.76
481,MX-04,Tarde,18.9,76.99,1397.0,4.41,1.55,8323,93,2.43,2.93,191.98,107.49
482,MX-01,Dia,25.13,60.7,1361.0,4.14,1.23,3900,142,1.44,12.14,168.22,104.1
483,MX-04,Noche,23.46,79.31,1319.0,4.22,1.67,1592,31,2.72,5.88,204.91,97.99
484,MX-02,Dia,22.75,87.88,1427.0,3.79,1.36,2211,60,2.79,0,211.45,125.59
485,MX-03,Tarde,27.77,52.99,1160.0,4.94,3.75,8579,72,2.8,11.73,170.72,86.62
486,MX-02,Tarde,28.03,81.34,1453.0,5.1,2.27,638,46,1.42,7.04,211.86,115.97
487,MX-01,Tarde,20.79,66.7,1204.0,4.66,2.03,8470,67,2.99,0,179.27,100.16
488,MX-01,Noche,23.76,82.04,1374.0,4.01,2.53,7450,118,3.13,5.86,199.17,99.51
489,MX-02,Tarde,29.26,91.05,1403.0,5.14,2.05,7897,122,1.86,4.14,217.48,120.61
490,MX-04,Tarde,25.34,59.74,1568.0,4.44,2.32,939,33,2.54,1.63,182.82,92.28
491,MX-03,Dia,10.03,92.9,1435.0,5.25,2.49,5313,22,2.71,4.93,218.17,128.77
492,MX-01,Tarde,28.27,93.67,1514.0,4.64,2.81,7100,69,3.0,5.5,228.84,122.62
493,MX-04,Dia,28.73,85.34,1402.0,4.69,1.21,5763,43,2.23,1.86,207.6,110.71
494,MX-01,Noche,26.29,69.17,1329.0,6.28,2.74,6786,58,0.95,0,186.64,97.18
495,MX-03,Dia,18.37,72.51,1268.0,4.95,3.11,8468,77,3.2,3.13,193.78,107.89
496,MX-04,Tarde,28.83,56.31,1214.0,4.01,1.72,3256,148,2.21,7.86,178.27,75.19
497,MX-03,Noche,17.24,74.9,1395.0,4.27,1.49,8756,52,1.8,2.88,199.31,114.18
498,MX-03,Noche,30.16,59.56,1430.0,5.09,1.79,6957,69,2.65,0.13,182.37,105.97
499,MX-04,Dia,24.7,80.11,1436.0,4.49,0.6,7114,10,2.4,4.71,208.6,120.86
500,MX-03,Tarde,25.61,87.65,1653.0,5.61,2.15,526,15,2.39,3.03,208.83,125.82
501,MX-04,Noche,19.08,57.81,1111.0,5.03,2.42,8396,31,1.77,0,167.59,90.88
502,MX-03,Tarde,20.4,90.56,1545.0,5.17,1.92,6588,61,2.65,3.17,222.56,131.58
503,MX-03,Tarde,23.82,92.67,1352.0,5.18,2.92,7143,122,2.74,4.21,202.95,128.99
504,MX-03,Tarde,15.92,71.63,1439.0,4.07,1.25,770,14,1.75,0,194.44,120.4
505,MX-03,Tarde,20.7,55.37,1223.0,3.84,2.25,328,101,3.15,10.1,163.11,87.06
506,MX-02,Dia,35.14,82.13,1361.0,4.54,2.38,6856,9,,5.21,214.81,103.44
507,MX-04,Noche,21.4,88.0,1493.0,4.95,2.53,1287,91,2.68,0,219.56,103.08
508,MX-01,Tarde,22.69,73.58,1314.0,4.1,2.47,250,103,2.62,6.68,190.55,102.19
509,MX-02,Tarde,33.25,74.07,1395.0,3.82,1.82,5433,116,1.53,0.43,203.95,101.72
510,MX-03,Noche,31.61,81.61,1531.0,5.36,3.22,3877,6,4.25,4.94,208.2,107.16
511,MX-01,Noche,26.48,94.2,1535.0,5.63,2.14,1659,95,2.52,5.87,230.24,127.62
512,MX-04,Noche,24.54,70.16,1359.0,5.05,3.47,4561,74,3.06,5.42,186.46,89.56
513,MX-02,Noche,22.45,94.19,1369.0,5.44,2.8,4489,61,2.66,0.16,210.43,109.34
514,MX-04,Dia,29.55,56.14,1333.0,4.92,2.11,3676,99,2.07,0,175.39,91.63
515,MX-01,Dia,29.12,72.79,1269.0,5.3,1.73,945,2,1.09,3.9,201.75,111.22
516,MX-03,Dia,28.74,80.48,1386.0,5.04,2.5,8274,87,2.47,2.89,202.11,122.72
517,MX-02,Dia,18.64,100,1182.0,5.31,2.62,7246,73,2.85,6.04,218.86,124.92
518,MX-03,Tarde,13.97,87.15,1610.0,3.82,2.35,7408,14,2.29,4.93,219.58,127.94
519,MX-02,Tarde,10,91.98,1496.0,,1.91,8149,118,3.57,0,220.29,122.06
520,MX-01,Dia,22.09,73.56,1595.0,4.77,1.18,3679,150,3.34,8.0,200.55,114.05
521,MX-01,Dia,21.77,78.06,1349.0,5.22,2.48,6320,28,2.16,4.9,196.43,120.14
522,MX-04,Tarde,28.59,92.19,1421.0,6.47,2.5,7623,84,4.95,0,228.85,111.45
523,MX-02,Dia,30.85,82.76,1401.0,5.11,3.42,6448,24,3.75,6.61,212.79,115.73
524,MX-01,Dia,21.82,80.83,1524.0,4.33,2.66,2725,31,1.82,9.43,205.9,106.24
525,MX-02,Dia,27.94,83.98,1465.0,5.5,1.87,7131,24,2.56,4.22,199.5,115.63
526,MX-04,Dia,20.5,48.5,1220.0,3.95,1.49,2740,127,1.87,5.42,166.53,83.89
527,MX-01,Noche,21.19,78.87,1579.0,5.65,2.56,5041,146,2.49,8.82,206.84,111.47
528,MX-04,Dia,24.67,60.87,1352.0,4.7,1.72,1539,129,4.05,6.82,168.58,93.93
529,MX-04,Dia,17.25,86.63,1363.0,5.77,2.28,4542,88,1.44,9.94,207.5,112.43
530,MX-03,Noche,26.95,88.68,1540.0,5.32,2.34,3013,123,2.1,6.6,211.49,114.84
531,MX-04,Dia,26.68,63.95,1212.0,3.38,1.75,1635,33,1.07,5.29,181.98,94.07
532,MX-02,Noche,16.94,82.03,1583.0,4.63,1.72,3327,23,1.95,7.18,208.77,111.04
533,MX-02,Noche,23.62,66.09,1312.0,4.63,1.81,5030,146,3.37,9.11,178.84,91.57
534,MX-04,Noche,26.01,88.44,1288.0,4.54,1.92,4964,10,1.39,4.27,203.38,102.69
535,MX-04,Dia,24.91,78.8,1264.0,4.58,2.11,7955,30,3.21,0,198.62,100.81
536,MX-01,Dia,30.35,76.16,1252.0,4.27,2.45,5756,120,3.14,7.43,194.72,95.79
537,MX-03,Noche,26.97,57.81,1224.0,4.17,2.2,2315,45,1.16,5.28,179.73,94.95
538,MX-04,Dia,27.07,78.86,1435.0,5.9,2.33,6049,41,2.83,9.29,191.72,107.61
539,MX-03,Tarde,22.13,74.24,1391.0,5.17,1.92,964,143,3.71,7.25,199.29,110.24
540,MX-01,Tarde,18.4,88.57,1391.0,4.15,2.61,2017,28,2.39,0,214.8,116.2
541,MX-01,Tarde,25.25,82.78,1450.0,5.41,2.08,8488,128,1.8,6.09,204.87,115.05
542,MX-02,Dia,20.4,86.66,1741.0,5.04,2.2,7960,88,2.1,5.79,218.56,128.57
543,MX-04,Dia,22.54,72.57,1371.0,4.23,2.34,6973,105,3.72,10.32,184.52,91.08
544,MX-01,Tarde,23.23,80.21,1217.0,4.72,,5742,81,1.22,6.99,193.18,111.29
545,MX-01,Tarde,17.2,59.57,1461.0,4.74,2.02,8716,76,1.2,0,186.09,98.58
546,MX-03,Noche,14.31,86.9,1444.0,3.93,2.05,6818,115,1.74,0.27,206.48,112.77
547,MX-04,Tarde,30.64,65.56,1267.0,4.8,2.15,5680,100,2.56,3.23,176.62,100.58
548,MX-03,Dia,35.05,68.51,1340.0,4.29,2.86,583,8,2.95,2.91,195.94,109.65
549,MX-03,Tarde,26.41,77.56,1501.0,5.03,1.84,982,32,1.73,0.29,205.07,124.06
550,MX-02,Noche,24.15,92.17,1455.0,5.7,1.97,4031,90,1.88,8.24,222.1,111.1
551,MX-02,Tarde,20.26,76.98,1315.0,5.42,2.43,1805,38,1.61,2.66,186.32,107.97
552,MX-02,Tarde,24.88,68.04,1383.0,4.0,2.08,8702,102,3.06,1.3,175.02,88.45
553,MX-04,Tarde,21.42,81.27,1273.0,4.9,0.81,8608,136,3.51,8.41,204.16,100.48
554,MX-03,Noche,25.38,93.8,1633.0,5.55,2.85,4944,11,1.91,5.01,223.42,129.89
555,MX-03,Tarde,24.71,72.11,1334.0,4.66,3.11,3732,47,1.7,8.0,185.57,107.49
556,MX-01,Dia,27.22,65.26,1263.0,5.31,1.64,7986,34,2.26,0.45,175.76,107.95
557,MX-04,Dia,23.7,73.29,1253.0,4.27,1.3,5754,139,4.06,11.41,193.8,96.04
558,MX-01,Noche,25.41,74.19,1225.0,5.01,1.37,2228,144,4.67,11.33,181.91,100.62
559,MX-02,Tarde,23.03,77.96,1314.0,4.34,2.63,3571,63,2.07,6.9,188.36,101.37
560,MX-03,Dia,22.99,99.02,1567.0,5.81,2.78,6998,7,2.59,2.86,229.86,140.1
561,MX-01,Tarde,23.3,84.82,1437.0,4.71,2.99,1165,84,2.14,7.94,218.32,112.58
562,MX-02,Dia,26.18,73.2,1475.0,4.88,1.95,3518,62,2.21,0.02,186.7,110.0
563,MX-04,Noche,23.47,87.56,1401.0,4.99,3.06,505,69,2.71,2.52,209.44,108.1
564,MX-02,Dia,29.05,74.16,1404.0,4.56,1.92,2532,96,1.9,3.54,198.79,117.32
565,MX-04,Dia,28.89,52.11,1139.0,3.84,2.3,8100,70,2.41,0,158.46,78.09
566,MX-02,Tarde,27.18,74.65,1376.0,4.75,1.49,5125,23,1.92,4.94,201.07,112.15
567,MX-03,Noche,25.44,90.65,1538.0,4.13,3.13,7617,70,2.3,6.89,236.36,113.87
568,MX-03,Dia,28.65,72.33,1205.0,5.32,2.21,356,45,0.93,7.31,187.8,104.26
569,MX-01,Noche,22.81,74.44,1600.0,4.97,1.81,5983,97,1.4,5.32,196.33,113.13
570,MX-01,Dia,31.67,73.05,1427.0,5.58,2.25,4806,92,2.7,9.15,192.78,104.84
571,MX-02,Dia,19.25,78.41,1347.0,5.93,2.1,3412,102,1.95,6.01,202.87,108.92
572,MX-02,Tarde,23.99,62.74,1246.0,4.39,2.12,2301,17,3.33,9.01,186.05,86.39
573,MX-03,Dia,17.21,48,1193.0,3.68,2.19,7637,1,3.1,7.97,156.16,88.67
574,MX-03,Tarde,23.43,86.8,1436.0,4.8,1.7,6122,133,3.06,0.43,212.83,127.39
575,MX-04,Tarde,21.98,88.03,1320.0,5.95,2.9,3896,109,0.68,12.68,207.12,108.05
576,MX-01,Tarde,28.22,88.33,1525.0,5.31,1.63,5677,65,2.21,7.4,228.43,123.1
577,MX-03,Tarde,24.16,82.27,1312.0,4.63,2.69,2245,22,2.63,11.07,201.39,107.41
578,MX-01,Noche,31.32,96.32,1569.0,5.87,2.85,7275,17,2.46,5.86,242.62,125.29
579,MX-04,Dia,24.04,69.99,1212.0,4.27,2.74,7214,26,2.25,0.93,198.24,95.13
580,MX-03,Tarde,18.62,79.35,1414.0,4.73,1.48,3372,147,3.81,10.31,198.33,120.17
581,MX-04,Dia,24.97,80.51,1518.0,5.39,1.4,6061,80,2.12,0.76,202.81,116.87
582,MX-03,Dia,28.46,91.05,1433.0,4.97,2.15,4089,130,3.3,2.92,223.89,129.04
583,MX-02,Tarde,24.57,81.95,1465.0,5.47,1.98,5625,149,2.53,5.44,204.78,111.39
584,MX-01,Tarde,28.25,78.79,1365.0,4.88,2.25,3854,59,1.73,4.43,191.85,112.95
585,MX-03,Noche,20.4,85.82,1441.0,4.96,2.75,2087,37,2.24,4.23,214.82,109.73
586,MX-01,Noche,19.63,80.83,1502.0,4.99,2.62,3055,87,2.5,2.26,207.79,112.3
587,MX-03,Noche,31.46,80.18,1253.0,5.51,3.19,5198,117,4.25,8.64,215.34,98.68
588,MX-04,Noche,13.91,83.63,1450.0,5.76,1.75,3340,137,2.56,8.97,195.25,99.11
589,MX-02,Noche,24.55,63.41,1383.0,4.24,2.45,4788,33,2.62,8.69,170.01,92.47
590,MX-01,Noche,21.75,81.87,1254.0,5.18,2.67,8542,96,1.53,4.4,199.06,109.77
591,MX-04,Tarde,20.05,78.28,1177.0,5.52,2.07,3796,52,2.1,1.91,196.66,103.19
592,MX-04,Tarde,29.16,87.79,1398.0,4.8,2.21,1576,76,1.59,4.95,208.87,107.58
593,MX-03,Tarde,18.98,80.28,1442.0,4.49,1.94,4030,68,2.5,2.27,199.9,125.08
594,MX-01,Noche,28.76,82.48,1393.0,5.08,2.27,3481,86,2.41,6.53,204.16,117.09
595,MX-03,Dia,21.84,74.36,1494.0,4.16,1.79,5106,73,2.05,6.3,189.14,112.97
596,MX-01,Tarde,26.9,59.44,1286.0,4.79,2.65,3917,54,1.37,4.81,177.75,87.92
597,MX-04,Dia,32.29,88.93,1192.0,5.59,1.82,693,96,2.68,7.92,223.68,107.71
598,MX-04,Noche,31.69,83.06,1326.0,4.3,2.61,6808,138,2.78,10.87,208.58,94.97
599,MX-02,Dia,28.28,75.11,1269.0,4.31,1.34,6447,53,1.32,5.03,194.57,104.69
600,MX-03,Tarde,27.71,55.73,1360.0,4.61,2.34,3110,9,2.64,0.38,177.6,98.31
601,MX-04,Dia,24.78,94.06,1513.0,5.25,2.18,6931,101,2.35,4.88,225.11,114.48
602,MX-01,Dia,22.71,84.15,1379.0,5.28,1.86,7978,41,0.88,0,201.42,120.31
603,MX-04,Dia,26.77,78.29,1508.0,5.06,2.44,8243,118,1.9,4.62,204.03,111.15
604,MX-04,Dia,27.9,88.72,1271.0,4.35,2.98,3069,107,2.75,12.89,210.54,99.73
605,MX-02,Tarde,30.39,87.62,1684.0,5.33,2.91,4982,18,3.56,4.03,213.87,118.8
606,MX-01,Noche,29.71,82.6,1444.0,5.0,1.71,7588,43,2.19,7.56,207.93,114.14
607,MX-04,Dia,23.75,56.36,1273.0,,3.12,5559,119,4.17,7.01,171.67,78.82
608,MX-04,Dia,22.88,87.04,1232.0,5.09,2.36,1846,46,1.96,7.57,205.38,109.49
609,MX-01,Tarde,26.68,86.51,1444.0,5.16,2.08,982,134,2.56,3.71,204.54,122.58
610,MX-03,Tarde,21.0,75.17,1359.0,4.56,2.46,4291,96,2.7,2.91,197.59,110.26
611,MX-01,Dia,26.64,93.29,1517.0,6.18,2.79,2950,43,0.94,8.42,223.84,130.13
612,MX-02,Tarde,19.96,88.1,1397.0,4.74,2.48,1934,92,2.18,4.47,212.13,112.51
613,MX-02,Tarde,32.41,86.14,1368.0,4.63,2.59,5140,128,3.09,7.62,215.23,95.59
614,MX-02,Dia,20.56,86.07,1495.0,4.68,1.84,2377,86,2.74,8.53,206.32,107.15
615,MX-04,Dia,34.96,80.68,1272.0,5.1,2.17,417,60,1.37,9.02,210.73,104.26
616,MX-04,Tarde,26.58,75.18,1352.0,,2.53,2684,97,2.38,4.8,203.19,95.48
617,MX-04,Tarde,22.08,85.82,1308.0,4.35,0.73,4926,7,1.95,4.64,217.35,111.31
618,MX-01,Noche,26.83,73.77,1296.0,4.47,1.39,6450,134,2.66,9.64,205.03,103.42
619,MX-01,Noche,38,88.99,1508.0,4.98,2.66,3548,61,2.98,1.14,228.29,108.62
620,MX-02,Dia,24.62,81.71,1495.0,4.81,2.79,3499,70,2.72,2.31,212.82,110.72
621,MX-04,Dia,18.47,82.7,1399.0,4.11,2.61,524,98,1.22,2.95,207.32,108.26
622,MX-02,Tarde,21.66,82.84,1524.0,4.82,2.62,8078,19,1.65,8.22,213.98,120.12
623,MX-01,Dia,15.96,77.92,1121.0,4.92,3.56,6313,99,2.67,4.51,194.1,98.96
624,MX-01,Noche,21.3,96.1,1682.0,5.67,3.38,4382,90,2.15,7.71,225.87,115.76
625,MX-04,Noche,23.66,69.84,1569.0,4.89,1.64,2622,67,1.43,0,186.16,101.62
626,MX-02,Dia,27.01,80.08,1234.0,5.34,1.92,1516,133,4.18,3.35,202.16,112.84
627,MX-03,Tarde,13.79,73.25,1204.0,4.35,2.22,1656,28,0.61,0.59,182.15,107.26
628,MX-02,Noche,26.3,70.43,1419.0,5.63,2.12,225,25,3.18,5.97,183.35,99.67
629,MX-04,Dia,18.49,90.16,1480.0,5.4,2.95,3682,48,2.15,7.27,226.72,114.2
630,MX-04,Tarde,20.96,82.52,1388.0,4.82,2.03,1604,97,2.51,4.77,210.03,106.78
631,MX-04,Tarde,25.43,80.31,1407.0,4.85,0.78,1786,55,1.17,3.64,203.44,101.89
632,MX-03,Noche,15.12,68.17,1364.0,4.23,2.43,5820,81,2.88,0,184.93,97.41
633,MX-01,Noche,30.33,63.74,1566.0,4.59,1.35,2475,7,2.97,0,184.08,103.4
634,MX-02,Dia,31.62,66.13,1216.0,4.11,2.29,3279,1,3.95,3.35,187.26,94.67
635,MX-03,Noche,32.01,74.59,1340.0,4.46,10.15,1533,90,2.31,0,206.59,119.79
636,MX-01,Tarde,17.8,76.03,1461.0,5.2,2.72,8467,9,3.07,8.46,196.92,115.8
637,MX-04,Dia,21.66,79.81,1358.0,4.58,2.42,1665,28,3.34,0,205.49,110.32
638,MX-04,Tarde,33.72,79.57,1494.0,3.84,2.37,2216,35,3.08,2.02,201.55,101.77
639,MX-03,Noche,31.75,70.2,1217.0,4.28,1.57,6452,144,3.95,10.66,190.54,99.23
640,MX-03,Dia,27.85,93.31,1576.0,5.93,2.14,2102,147,2.3,12.1,231.86,131.58
641,MX-01,Dia,21.26,74.17,1280.0,5.12,2.33,2269,134,1.75,4.65,186.13,108.66
642,MX-04,Dia,24.42,81.73,1322.0,5.08,3.01,2615,73,3.11,9.59,206.07,96.65
643,MX-03,Dia,26.56,77.66,1581.0,4.84,1.18,8310,75,2.38,3.17,199.12,129.11
644,MX-02,Noche,23.47,85.2,1397.0,4.9,0.97,3133,125,2.75,3.5,214.41,104.35
645,MX-02,Noche,19.67,75.04,1220.0,3.43,2.23,4837,73,1.5,3.35,188.82,97.86
646,MX-02,Dia,20.07,83.65,1191.0,6.07,2.63,5181,118,2.19,2.33,195.72,112.42
647,MX-02,Dia,25.11,71.16,1295.0,4.34,2.36,2618,97,2.07,7.01,187.82,105.18
648,MX-01,Dia,14.43,51.86,1312.0,4.78,2.65,5745,112,3.56,4.39,165.72,90.14
649,MX-02,Dia,21.81,92.01,1558.0,5.87,2.72,1668,119,0.6,8.99,214.83,121.04
650,MX-03,Dia,31.19,82.17,1457.0,4.25,1.27,3885,6,0.43,0,202.48,127.13
651,MX-01,Noche,26.41,89.49,1374.0,,2.13,1240,138,2.93,9.22,223.81,118.06
652,MX-04,Dia,24.79,85.13,1303.0,5.31,1.48,3599,31,2.6,7.68,209.98,117.07
653,MX-03,Dia,26.34,83.41,1504.0,5.51,2.29,2243,130,2.77,4.05,224.59,129.14
654,MX-01,Dia,36.11,100,1588.0,5.64,2.47,7489,36,1.25,1.85,224.36,130.68
655,MX-03,Tarde,16.39,76.88,1370.0,4.71,2.5,3726,35,2.29,2.32,196.02,111.77
656,MX-04,Dia,26.03,77.66,1511.0,,1.88,1564,66,1.46,0,205.49,112.45
657,MX-03,Noche,22.93,71.2,1239.0,5.25,2.52,7076,40,1.34,1.86,198.08,96.01
658,MX-02,Dia,32.89,81.76,1455.0,4.76,2.14,1657,93,3.28,1.19,219.47,117.25
659,MX-03,Dia,14.57,98.2,1455.0,5.43,2.97,5222,126,2.87,10.21,229.36,127.11
660,MX-03,Tarde,22.22,83.36,1377.0,5.44,2.02,5855,137,1.67,4.98,199.88,123.22
661,MX-03,Dia,21.1,77.46,1474.0,5.2,2.18,6264,64,1.97,2.64,196.19,115.89
662,MX-03,Noche,25.41,69.16,1349.0,3.61,2.77,3948,79,2.0,3.91,185.21,104.35
663,MX-01,Tarde,27.28,81.78,1545.0,5.3,2.59,8274,3,2.49,7.06,207.57,110.83
664,MX-04,Tarde,23.56,71.45,1197.0,4.48,2.14,427,49,3.18,1.36,185.56,89.19
665,MX-03,Dia,23.15,51.06,1370.0,3.4,1.46,7550,44,2.03,1.17,156.5,94.05
666,MX-01,Dia,23.47,84.87,1513.0,5.55,2.4,2993,96,2.93,3.48,206.78,115.07
667,MX-01,Dia,20.1,78.91,1569.0,4.89,1.22,8646,10,3.18,9.82,200.92,122.91
668,MX-01,Tarde,22.6,73.13,1469.0,5.81,2.24,3250,103,2.24,5.34,193.97,111.17
669,MX-02,Dia,24.5,77.33,1403.0,4.47,1.68,6171,110,2.68,7.7,195.2,107.86
670,MX-04,Dia,38,70.88,1461.0,4.08,3.06,3451,29,2.61,7.1,197.88,95.25
671,MX-01,Dia,25.8,89.93,1407.0,4.76,,2287,84,2.62,4.04,204.63,119.6
672,MX-04,Dia,28.73,96.83,1433.0,5.56,2.97,423,61,3.67,7.68,218.62,118.91
673,MX-01,Tarde,22.58,90.3,1463.0,4.73,2.76,4287,72,2.89,5.45,205.01,122.11
674,MX-04,Dia,23.86,72.58,1157.0,4.57,1.58,3168,49,3.14,3.81,185.16,97.21
675,MX-02,Dia,23.51,85.11,1444.0,5.08,2.55,6431,105,3.8,0,208.78,117.39
676,MX-04,Tarde,23.56,62.22,1305.0,4.41,2.61,4796,90,2.07,1.86,182.31,86.93
677,MX-01,Dia,23.89,70.41,1099.0,4.9,2.48,8249,94,2.54,3.26,186.48,98.43
678,MX-02,Dia,17.38,77.43,1279.0,4.96,1.54,6288,61,1.92,2.33,187.53,116.41
679,MX-02,Tarde,22.84,76.1,1630.0,4.62,2.35,7503,26,1.78,7.36,207.48,105.95
680,MX-02,Tarde,30.71,81.27,1463.0,4.24,2.63,5890,94,1.22,5.65,212.08,106.41
681,MX-04,Tarde,32.45,72.27,1414.0,5.09,2.65,1196,49,2.08,4.05,194.05,94.03
682,MX-01,Dia,14.73,78.05,1277.0,4.95,1.65,4648,53,2.37,5.62,199.45,120.64
683,MX-04,Tarde,23.29,69.63,1414.0,4.36,2.17,3868,12,2.55,1.56,189.85,91.95
684,MX-03,Noche,14.82,75.51,1593.0,4.57,1.88,3640,137,3.8,9.85,191.64,102.62
685,MX-03,Dia,22.26,64.65,1307.0,4.09,1.83,1138,3,1.8,4.95,178.48,108.71
686,MX-01,Tarde,23.32,96.92,1462.0,5.28,2.36,6458,66,2.88,0.9,214.36,125.67
687,MX-02,Dia,26.01,92.86,1545.0,4.77,1.64,7309,95,2.67,6.04,227.56,120.17
688,MX-02,Dia,24.14,60.24,1318.0,4.44,2.11,2869,46,2.64,0,178.51,97.91
689,MX-04,Dia,35.16,62.23,1435.0,4.9,2.05,1833,97,1.07,2.92,193.45,100.15
690,MX-01,Dia,24.8,79.09,1307.0,5.51,1.92,353,28,0.95,2.54,201.1,116.2
691,MX-02,Tarde,19.0,73.41,1428.0,5.15,2.31,4582,140,3.3,11.21,203.62,105.2
692,MX-04,Dia,26.53,80.06,1391.0,4.65,2.34,4899,58,3.14,1.85,199.19,100.13
693,MX-01,Tarde,27.56,77.55,1487.0,4.74,2.64,6106,22,2.49,7.44,197.85,113.33
694,MX-02,Tarde,29.53,87.57,1587.0,4.76,3.25,5907,27,2.68,10.76,216.34,114.87
695,MX-01,Noche,32.92,54.79,1291.0,4.12,2.56,8038,18,2.81,6.4,180.66,83.9
696,MX-03,Noche,21.23,82.5,1525.0,4.73,2.72,6982,86,3.29,10.12,214.33,110.21
697,MX-04,Tarde,17.81,78.63,1404.0,5.08,2.05,3793,23,1.36,4.02,201.92,106.62
698,MX-04,Noche,23.96,81.39,1392.0,4.36,3.07,2483,76,1.26,7.74,191.3,93.6
699,MX-04,Dia,24.8,74.71,1577.0,5.77,2.05,631,109,1.89,1.49,207.82,108.05
700,MX-02,Dia,22.33,75.04,1417.0,5.38,,7023,39,2.28,0.64,202.15,112.66
701,MX-03,Tarde,23.07,66.26,1324.0,4.56,2.35,726,45,2.36,3.56,184.6,106.98
702,MX-04,Tarde,17.45,89.82,1218.0,4.31,2.36,7141,41,2.16,5.31,199.64,113.56
703,MX-02,Dia,28.68,81.78,1558.0,3.71,2.03,7874,123,2.62,4.18,218.88,113.73
704,MX-03,Tarde,21.35,79.79,1458.0,5.5,2.55,5696,8,2.23,5.78,207.45,120.16
705,MX-01,Tarde,21.7,90.98,1440.0,5.02,2.23,935,145,5.1,11.04,216.6,120.99
706,MX-03,Dia,24.66,72.43,1444.0,4.48,2.42,6600,92,3.31,3.24,200.04,114.02
707,MX-01,Tarde,24.17,75.62,1422.0,4.27,2.3,2841,39,2.06,3.5,196.08,102.55
708,MX-02,Noche,15.21,83.66,1260.0,5.01,1.88,8418,133,3.93,6.44,193.73,103.68
709,MX-04,Noche,21.49,86.81,1518.0,4.62,3.0,6550,62,1.69,7.04,222.08,105.22
710,MX-04,Dia,25.31,96.67,1508.0,4.87,3.64,1628,128,4.48,12.88,228.96,110.46
711,MX-03,Tarde,22.84,81.37,1379.0,4.39,3.72,7442,36,3.23,17.04,198.21,103.53
712,MX-03,Dia,24.35,93.29,1262.0,5.5,2.87,5338,96,3.03,6.91,203.8,126.66
713,MX-01,Tarde,18.92,63.79,1331.0,5.5,3.28,4962,97,3.01,9.03,186.91,99.08
714,MX-04,Tarde,26.19,70.8,1469.0,3.81,1.98,1987,22,2.34,5.3,199.51,97.64
715,MX-04,Dia,21.93,86.46,1576.0,5.02,2.07,4760,117,1.93,55.99,215.98,108.56
716,MX-03,Tarde,25.34,96.92,1474.0,6.08,3.0,7246,122,3.15,9.77,235.16,129.33
717,MX-04,Dia,22.63,74.54,1489.0,5.01,1.94,7076,135,4.06,8.22,211.03,104.24
718,MX-04,Dia,25.52,78.13,1324.0,4.56,2.67,7990,138,2.91,5.72,197.0,96.6
719,MX-04,Noche,14.18,69.3,1413.0,5.45,1.93,5385,4,2.01,5.95,195.87,101.45
720,MX-01,Noche,31.99,74.05,1292.0,4.52,0.6,2259,116,2.08,2.26,208.32,108.64
721,MX-02,Tarde,21.11,76.11,1306.0,5.14,3.6,435,95,2.78,9.23,194.97,101.79
722,MX-01,Tarde,20.43,70.8,1252.0,4.32,2.47,7177,134,3.62,6.28,194.22,97.7
723,MX-03,Dia,18.82,70.27,1186.0,5.36,1.98,4840,26,1.5,9.43,185.66,114.23
724,MX-04,Dia,28.4,77.99,1227.0,4.18,1.98,8447,149,3.62,3.74,200.28,98.04
725,MX-04,Tarde,31.41,92.28,1573.0,5.0,2.62,6684,2,1.45,8.97,223.02,111.06
726,MX-03,Dia,23.81,97.73,1343.0,5.23,2.6,6992,9,2.6,4.17,215.06,137.06
727,MX-03,Dia,38,69.23,1368.0,6.03,2.48,1045,148,4.19,1.43,207.49,99.79
728,MX-04,Noche,29.13,66.27,1322.0,5.35,2.78,8461,31,1.37,1.03,191.58,85.67
729,MX-03,Noche,26.39,86.16,1459.0,5.09,3.18,2707,8,2.78,4.14,206.78,119.99
730,MX-01,Tarde,22.88,86.25,1533.0,4.71,1.86,4127,57,1.95,7.55,214.13,128.34
731,MX-04,Tarde,21.84,70.57,1513.0,4.43,1.73,1894,29,1.5,0.09,196.56,105.17
732,MX-02,Dia,26.54,67.59,1347.0,4.91,1.73,8245,6,1.51,5.79,183.88,102.37
733,MX-04,Dia,19.75,100,1532.0,5.01,3.07,715,31,2.58,15.79,227.42,112.79
734,MX-01,Dia,24.7,76.69,1115.0,4.88,2.33,577,133,2.57,6.51,193.88,104.37
735,MX-02,Dia,25.34,81.51,1390.0,4.69,2.15,1706,90,2.66,2.87,196.15,104.73
736,MX-04,Tarde,25.87,72.17,1412.0,5.1,2.94,4805,101,3.57,9.0,190.83,94.19
737,MX-02,Noche,13.68,79.74,1227.0,5.28,2.51,6475,110,1.66,5.67,203.69,106.57
738,MX-04,Dia,18.46,90.87,1490.0,4.76,2.17,5971,102,2.85,4.51,213.6,121.5
739,MX-03,Dia,25.05,88.35,1511.0,5.41,3.16,5588,55,2.73,1.56,218.09,129.57
740,MX-04,Dia,20.18,79.81,1486.0,4.16,1.87,1425,147,3.8,5.8,205.12,102.56
741,MX-03,Dia,29.55,81.94,1507.0,5.05,2.64,5555,99,2.89,4.26,212.05,127.47
742,MX-01,Noche,24.98,73.48,1597.0,3.9,2.87,840,87,2.13,4.46,209.04,106.67
743,MX-03,Dia,24.12,66.88,1242.0,4.49,1.78,7647,127,2.41,10.72,170.54,107.39
744,MX-01,Dia,27.34,79.52,1408.0,5.24,2.5,7338,58,2.42,5.71,207.7,112.81
745,MX-01,Noche,26.62,71.71,1376.0,4.5,2.41,5595,98,2.25,3.77,196.09,103.52
746,MX-02,Dia,28.23,86.71,1566.0,5.66,1.31,7520,32,1.69,3.7,209.66,126.29
747,MX-03,Dia,23.57,70.19,1347.0,5.12,2.81,4171,53,2.66,4.65,187.67,105.66
748,MX-02,Tarde,24.12,68.45,1439.0,4.18,3.05,8620,81,2.57,3.66,186.79,96.97
749,MX-01,Noche,24.93,88.26,1685.0,4.91,1.36,3279,18,2.1,3.69,223.57,121.59
750,MX-01,Dia,33.45,90.96,1321.0,5.18,3.57,3264,69,4.22,9.65,216.75,114.19
751,MX-01,Dia,25.19,88.75,1351.0,5.26,1.84,1005,98,,3.65,206.02,122.49
752,MX-03,Tarde,28.88,66.28,1342.0,4.32,1.48,2019,57,3.31,8.22,183.2,104.87
753,MX-01,Dia,29.74,66.53,1239.0,4.91,2.39,4595,127,4.15,7.61,195.94,97.74
754,MX-03,Tarde,27.37,88.8,1528.0,4.9,,5202,62,2.71,7.98,219.86,130.51
755,MX-04,Dia,29.65,79.0,1362.0,5.15,2.18,359,91,2.5,7.9,202.26,102.13
756,MX-01,Dia,24.28,94.51,1497.0,5.1,2.92,8443,43,2.39,0.4,231.6,131.36
757,MX-03,Tarde,22.56,48,1239.0,4.84,2.14,5977,78,2.29,2.43,148.32,90.94
758,MX-04,Dia,14.26,71.03,1182.0,6.1,2.4,3808,37,2.09,4.59,178.61,96.25
759,MX-04,Dia,23.88,70.78,1523.0,4.52,3.3,7560,135,3.35,13.29,206.76,92.31
760,MX-04,Noche,27.65,76.83,1466.0,4.15,1.79,2214,111,2.83,1.16,203.02,95.81
761,MX-01,Noche,16.39,78.11,1329.0,4.92,2.95,2864,78,2.19,4.67,199.13,101.98
762,MX-02,Dia,29.28,74.97,1358.0,4.62,2.75,210,13,2.19,7.53,195.96,112.0
763,MX-02,Noche,23.36,72.06,1352.0,4.21,2.6,726,122,2.49,7.83,190.41,92.33
764,MX-04,Noche,19.55,84.98,1484.0,4.86,2.65,7340,83,2.33,2.7,211.58,100.47
765,MX-04,Tarde,23.33,82.42,1263.0,4.66,1.69,7358,25,2.01,6.09,207.43,102.39
766,MX-03,Tarde,34.78,67.68,1398.0,4.55,2.27,632,108,2.85,5.51,205.51,98.1
767,MX-03,Dia,17.78,74.19,1322.0,5.59,1.76,297,119,3.17,7.68,182.62,113.83
768,MX-01,Dia,24.41,83.21,1416.0,4.19,1.63,8088,85,2.43,2.85,201.08,116.97
769,MX-01,Tarde,17.61,76.56,1451.0,4.78,2.82,2735,78,1.61,1.79,193.26,116.24
770,MX-02,Dia,20.49,92.97,1470.0,5.32,2.65,3547,27,0.89,5.18,218.4,122.54
771,MX-01,Dia,20.83,78.72,1421.0,5.84,2.15,7394,32,3.16,0.11,205.49,121.8
772,MX-02,Dia,32.47,77.28,1241.0,4.44,2.27,1838,127,2.49,7.94,193.66,106.62
773,MX-04,Dia,22.94,79.19,1252.0,5.06,,7482,11,2.24,6.68,195.26,107.92
774,MX-04,Dia,31.94,88.28,1433.0,5.43,8.56,5915,135,2.82,7.49,216.1,110.04
775,MX-03,Tarde,25.73,73.31,1410.0,4.05,2.38,8125,97,2.2,7.98,193.31,110.65
776,MX-03,Dia,31.11,65.7,1601.0,4.21,2.82,6815,18,3.54,6.74,196.84,108.14
777,MX-01,Tarde,22.1,69.22,1375.0,5.54,3.05,1927,45,1.91,5.85,183.58,112.09
778,MX-01,Tarde,22.11,94.03,1628.0,5.94,2.93,682,45,1.9,9.83,212.61,135.36
779,MX-02,Dia,16.48,78.93,1430.0,5.69,1.58,3350,23,2.55,0.32,198.29,115.61
780,MX-02,Noche,21.06,70.84,1454.0,4.53,2.14,3236,136,1.71,7.02,187.22,95.74
781,MX-03,Dia,31.92,65.3,1373.0,4.1,1.41,1480,33,1.19,4.51,185.14,110.57
782,MX-03,Dia,26.44,81.94,1325.0,5.17,1.72,6063,18,2.49,2.74,201.71,128.04
783,MX-02,Noche,29.36,72.62,1335.0,4.85,2.11,7916,68,1.88,3.56,193.85,96.81
784,MX-01,Dia,25.59,60.88,1252.0,5.17,1.83,1221,61,0.93,4.22,168.79,99.37
785,MX-01,Dia,28.68,82.91,1401.0,3.81,2.68,2321,70,1.68,4.15,205.59,110.71
786,MX-03,Tarde,24.08,70.94,1580.0,4.82,2.18,1106,7,2.39,0,185.01,113.42
787,MX-01,Tarde,32.06,84.03,1382.0,4.48,1.93,7375,31,2.37,10.81,202.69,112.63
788,MX-04,Noche,26.42,78.36,1449.0,5.38,2.24,950,4,2.57,2.37,204.18,102.79
789,MX-04,Dia,28.46,80.77,1358.0,4.61,2.0,8043,32,3.12,3.34,202.5,109.79
790,MX-03,Noche,22.72,85.52,1332.0,4.85,2.72,4995,63,1.66,52.03,205.63,108.56
791,MX-01,Dia,13.61,92.33,1418.0,5.16,3.36,8735,60,2.22,6.49,225.43,125.45
792,MX-02,Dia,29.6,79.11,1529.0,4.99,0.85,548,128,3.17,4.2,203.71,116.09
793,MX-01,Dia,27.01,69.43,1469.0,4.75,1.83,6414,48,2.37,2.02,185.8,110.63
794,MX-03,Noche,22.93,93.57,1365.0,4.69,3.38,4501,56,2.99,5.19,221.47,112.03
795,MX-04,Noche,31.53,70.02,1409.0,4.11,3.42,4909,137,3.37,7.25,198.01,80.8
796,MX-02,Noche,21.48,48,1322.0,4.34,3.4,4798,71,3.43,9.15,157.39,73.41
797,MX-04,Dia,23.4,86.6,1437.0,5.76,2.27,5228,146,3.1,4.65,202.2,114.83
798,MX-01,Tarde,19.57,50.04,1320.0,3.34,2.33,3769,105,4.01,6.95,163.7,89.45
799,MX-03,Noche,20.4,81.11,1432.0,4.54,1.81,3058,38,2.22,7.02,198.78,115.11
800,MX-02,Tarde,31.25,87.27,1320.0,5.81,2.51,1196,67,2.32,3.92,220.96,106.59
801,MX-01,Tarde,22.82,81.58,1278.0,5.14,2.24,6284,107,3.13,7.41,204.59,111.28
802,MX-03,Dia,25.09,64.61,1423.0,3.27,2.47,710,42,1.81,5.83,189.82,107.06
803,MX-01,Tarde,26.13,65.71,1361.0,4.03,1.76,3720,97,2.01,4.38,183.53,101.19
804,MX-01,Noche,19.16,100,1409.0,3.7,1.96,7049,138,2.92,1.25,225.3,120.82
805,MX-04,Tarde,19.67,76.78,1442.0,5.45,2.62,6130,60,1.87,0,202.91,106.05
806,MX-04,Dia,26.46,70.19,1470.0,5.33,1.79,3974,115,2.76,3.09,201.27,92.89
807,MX-02,Tarde,18.46,86.0,1495.0,5.32,2.13,1535,105,3.06,0,220.75,111.38
808,MX-02,Noche,20.75,79.39,1387.0,5.17,2.5,7898,26,2.33,4.56,193.6,106.7
809,MX-01,Dia,31.51,59.71,1396.0,4.23,1.63,5006,31,2.71,1.1,193.08,98.56
810,MX-01,Noche,29.86,95.3,1537.0,4.87,3.04,6899,116,2.93,4.25,228.37,111.75
811,MX-02,Tarde,16.17,67.13,1272.0,4.63,2.94,7630,98,2.57,4.88,187.73,92.86
812,MX-01,Dia,20.01,74.54,1379.0,4.18,2.13,8526,110,2.41,7.68,196.61,98.72
813,MX-01,Noche,22.55,48,1281.0,4.85,1.52,1829,89,1.76,3.67,164.56,86.18
814,MX-02,Dia,29.32,100,1327.0,5.32,1.48,4765,37,2.93,6.16,224.08,128.45
815,MX-01,Noche,15.32,73.12,1597.0,4.8,2.57,7187,114,2.71,0,198.19,105.35
816,MX-01,Tarde,26.31,70.17,1395.0,5.74,0.9,2108,91,2.6,0,191.48,115.75
817,MX-02,Tarde,22.85,93.32,1264.0,5.1,2.36,828,111,1.99,8.67,221.12,112.15
818,MX-01,Noche,23.57,72.24,1302.0,3.88,1.62,3807,51,2.16,5.71,195.04,95.91
819,MX-03,Dia,22.57,74.45,1186.0,4.71,2.33,8239,143,3.88,3.83,184.91,113.95
820,MX-04,Tarde,25.84,78.98,1510.0,3.66,1.94,5116,60,2.94,0.85,196.09,105.16
821,MX-03,Tarde,23.01,85.42,1681.0,4.76,2.26,7526,84,1.47,4.05,222.84,130.34
822,MX-01,Dia,35.19,73.38,1409.0,5.47,1.49,8214,106,2.42,3.81,203.83,114.25
823,MX-04,Dia,24.53,69.51,1303.0,5.14,1.68,1095,69,2.45,1.9,188.38,100.09
824,MX-04,Dia,22.85,72.04,1333.0,4.93,2.94,5601,34,2.27,5.34,189.9,90.44
825,MX-01,Noche,21.67,86.89,1444.0,4.86,2.63,3451,41,2.35,5.71,207.24,112.35
826,MX-02,Noche,19.94,74.24,1449.0,4.66,0.9,791,6,2.23,0.33,186.7,107.9
827,MX-01,Dia,22.85,85.54,1445.0,4.64,2.18,6390,103,2.79,7.59,218.02,118.84
828,MX-01,Tarde,26.09,72.85,1183.0,5.57,2.31,2687,25,2.09,0,191.8,112.04
829,MX-03,Noche,16.65,86.22,1393.0,5.55,3.42,7923,97,4.21,7.75,212.86,116.31
830,MX-04,Dia,22.67,74.19,1239.0,3.62,3.37,6649,96,3.14,3.11,184.48,93.5
831,MX-01,Dia,24.54,88.5,1289.0,4.79,1.83,1570,25,3.31,2.1,208.89,127.37
832,MX-01,Dia,21.61,68.73,1258.0,4.57,1.5,4008,16,2.26,1.73,183.87,111.64
833,MX-02,Dia,21.47,64.21,1392.0,4.3,2.38,8207,140,3.97,0,183.86,97.14
834,MX-04,Tarde,29.54,99.79,1212.0,5.5,2.84,1469,97,2.46,5.58,221.8,112.9
835,MX-02,Tarde,25.39,77.45,1327.0,4.99,2.41,7050,103,1.67,5.74,198.3,111.22
836,MX-03,Tarde,23.79,70.05,1279.0,4.54,1.95,8772,53,2.76,0,182.39,112.07
837,MX-04,Tarde,34.53,68.18,1302.0,3.7,2.64,7963,3,2.84,3.43,198.09,76.31
838,MX-01,Dia,26.92,84.46,1598.0,4.55,10.42,1201,120,2.52,4.98,205.16,115.39
839,MX-03,Tarde,27.6,74.14,1480.0,3.87,1.79,6807,66,1.9,0.02,195.4,115.83
840,MX-01,Tarde,30.41,76.39,1479.0,5.54,2.79,6474,85,0.98,2.25,192.01,105.27
841,MX-04,Dia,27.63,78.13,1454.0,5.99,1.97,7990,1,1.94,1.16,214.23,116.04
842,MX-04,Tarde,25.93,68.81,1367.0,4.7,1.79,6642,97,2.49,0,181.72,104.06
843,MX-03,Tarde,31.14,63.85,1602.0,4.24,2.63,7363,144,2.22,3.38,196.55,103.12
844,MX-04,Tarde,26.53,87.64,1660.0,5.58,1.55,5868,109,2.74,8.46,232.87,116.98
845,MX-04,Dia,38,63.28,1359.0,,2.45,5581,25,3.07,9.66,186.94,87.51
846,MX-03,Dia,23.99,76.04,1520.0,5.56,2.43,4345,71,0.88,0,206.58,113.25
847,MX-04,Noche,20.09,68.57,1107.0,4.84,2.2,825,95,1.02,10.26,184.24,90.89
848,MX-02,Dia,30.7,80.8,1357.0,4.18,2.5,5348,25,2.55,2.12,212.2,104.06
849,MX-01,Dia,18.95,57.19,1349.0,4.26,3.08,6200,133,3.24,13.44,175.15,84.05
850,MX-01,Dia,27.72,83.9,1298.0,4.95,1.97,7464,12,2.13,5.97,202.23,118.58
851,MX-01,Dia,21.68,75.96,1162.0,5.02,3.29,1644,30,3.67,9.1,190.31,106.03
852,MX-01,Tarde,26.26,79.86,1323.0,4.75,2.36,4242,79,2.72,0.33,204.08,109.94
853,MX-02,Dia,21.01,84.22,1398.0,5.62,1.3,4669,52,2.88,5.11,212.52,118.78
854,MX-04,Dia,20.29,65.61,1489.0,3.68,2.05,2993,10,3.08,2.76,192.3,101.46
855,MX-04,Dia,27.33,59.8,1353.0,5.24,1.17,4606,24,2.17,1.94,177.61,98.65
856,MX-01,Tarde,27.81,69.51,1253.0,4.26,2.3,6391,9,2.06,5.27,179.47,108.63
857,MX-02,Tarde,20.33,91.69,1678.0,,2.22,3250,6,2.94,0.15,227.09,120.75
858,MX-04,Tarde,19.73,78.71,1591.0,4.41,1.83,6772,77,3.76,5.72,207.6,116.08
859,MX-01,Tarde,25.87,51.02,1237.0,4.39,0.96,8786,51,2.08,7.71,161.8,96.72
860,MX-01,Noche,29.67,71.18,1551.0,4.9,1.62,2908,118,3.1,5.45,202.91,104.41
861,MX-01,Dia,27.36,68.82,1338.0,4.39,1.31,281,123,2.38,6.58,190.74,103.83
862,MX-02,Noche,22.46,67.82,1147.0,4.43,1.3,1769,100,3.2,7.68,188.97,98.53
863,MX-03,Noche,23.35,66.52,1301.0,4.75,1.3,640,57,2.28,5.41,181.88,104.38
864,MX-01,Tarde,28.72,78.26,1130.0,4.7,1.96,3279,12,2.38,7.11,191.39,113.11
865,MX-04,Dia,21.19,93.3,1379.0,5.21,2.82,6724,133,2.88,9.45,212.64,117.22
866,MX-01,Tarde,27.78,61.54,1436.0,4.67,2.44,8506,99,2.32,3.58,177.51,93.72
867,MX-04,Tarde,22.74,86.04,1327.0,4.51,2.43,6308,122,2.05,4.39,197.18,107.1
868,MX-02,Noche,23.57,67.4,1319.0,4.52,1.92,5723,67,2.61,9.2,184.91,89.81
869,MX-01,Tarde,33.75,83.48,1385.0,5.01,1.77,7174,87,1.81,1.68,205.11,119.0
870,MX-03,Dia,24.58,87.69,1455.0,4.61,1.74,6053,10,1.51,3.41,216.96,133.51
871,MX-02,Tarde,20.44,69.34,1302.0,6.01,2.05,8777,146,2.72,6.52,188.38,99.75
872,MX-01,Dia,26.02,82.42,1411.0,5.7,1.8,7122,103,4.13,5.27,205.81,126.08
873,MX-01,Noche,21.73,80.22,1440.0,5.27,1.98,4193,13,2.99,1.61,209.08,113.03
874,MX-02,Dia,18.65,70.9,1216.0,5.35,1.76,4667,2,2.09,4.32,184.75,106.5
875,MX-03,Tarde,25.78,62.88,1390.0,4.76,2.1,4915,118,2.23,1.82,177.73,101.58
876,MX-01,Dia,28.37,69.33,1554.0,5.25,3.08,8375,54,2.15,6.03,190.85,110.22
877,MX-01,Tarde,19.74,74.19,1468.0,6.18,1.89,5366,116,3.09,4.94,196.41,112.1
878,MX-03,Tarde,21.87,61.86,1418.0,4.54,1.75,8240,61,1.58,6.63,171.12,111.2
879,MX-01,Dia,27.08,100,1437.0,5.17,3.24,6771,141,4.71,6.28,233.45,120.71
880,MX-03,Tarde,27.33,66.9,1210.0,4.36,1.48,5406,129,2.22,5.66,187.32,100.36
881,MX-04,Dia,26.6,75.07,1465.0,4.44,3.23,7802,45,2.79,6.62,196.21,95.47
882,MX-04,Dia,21.49,68.0,1219.0,5.11,2.79,1519,147,3.04,1.49,182.01,95.25
883,MX-04,Tarde,25.02,77.3,1221.0,4.32,1.69,3362,42,2.74,0,197.8,101.9
884,MX-02,Dia,29.64,71.78,1609.0,4.88,2.79,4214,114,3.88,5.72,208.23,104.4
885,MX-01,Noche,29.32,59.01,1376.0,4.28,2.16,729,105,2.21,11.02,165.11,91.69
886,MX-04,Noche,22.55,88.15,1346.0,4.92,1.58,588,113,1.5,5.62,209.82,110.78
887,MX-01,Dia,22.75,65.12,1256.0,4.18,2.42,4500,149,3.54,7.95,178.62,98.81
888,MX-03,Dia,28.51,78.55,1535.0,4.83,2.69,1413,118,3.36,3.83,206.45,120.38
889,MX-03,Tarde,21.34,88.52,1443.0,5.47,2.62,8748,74,2.29,10.19,216.3,116.73
890,MX-03,Noche,20.93,86.5,1580.0,4.5,2.34,5031,40,2.16,0,218.32,122.65
891,MX-04,Dia,25.35,99.26,1442.0,5.14,3.22,8532,133,3.57,6.29,231.81,117.52
892,MX-02,Tarde,28.03,64.61,1327.0,3.77,3.07,2970,135,2.56,9.54,177.34,92.79
893,MX-01,Dia,22.7,85.3,1395.0,5.86,2.41,6040,128,1.9,0,212.58,127.58
894,MX-02,Tarde,18.68,76.14,1409.0,3.96,1.23,8513,18,1.96,11.59,202.85,103.96
895,MX-01,Noche,30.07,82.9,1421.0,5.34,2.14,4215,59,1.13,2.77,204.23,118.77
896,MX-03,Dia,25.71,85.63,1643.0,6.01,2.68,8761,78,2.67,5.23,209.04,125.75
897,MX-04,Dia,25.19,75.59,1395.0,4.62,1.61,7999,51,2.3,7.24,202.27,102.47
898,MX-01,Tarde,21.55,81.44,1367.0,5.58,1.58,3391,117,3.22,5.25,199.93,118.91
899,MX-02,Dia,19.94,78.94,1342.0,4.57,1.71,8442,80,2.07,2.97,198.21,111.12
900,MX-01,Dia,20.83,90.24,1435.0,5.2,2.56,7278,78,3.35,7.34,211.14,127.44
901,MX-02,Dia,26.82,83.04,1384.0,5.36,2.26,5116,54,1.41,2.43,204.75,118.73
902,MX-02,Noche,31.09,73.05,1325.0,6.12,1.78,7030,69,2.27,6.32,207.72,99.05
903,MX-03,Dia,21.65,86.89,1436.0,4.49,1.78,7034,2,2.52,4.23,206.07,130.9
904,MX-02,Noche,23.09,78.23,1373.0,4.77,1.84,4393,76,2.28,3.43,194.9,106.07
905,MX-02,Noche,20.02,70.02,1348.0,4.89,2.67,7898,12,3.15,4.93,183.88,101.72
906,MX-02,Dia,22.04,69.64,1281.0,5.27,2.67,4722,138,1.98,12.35,190.06,99.51
907,MX-01,Dia,24.82,66.77,1379.0,4.87,2.09,1641,113,3.06,5.16,194.41,105.01
908,MX-03,Tarde,20.13,89.98,1614.0,5.63,1.76,5343,93,2.88,2.17,223.18,130.5
909,MX-04,Dia,21.84,83.58,1514.0,4.9,1.18,2498,31,1.21,2.02,205.22,119.26
910,MX-01,Noche,15.61,76.02,1383.0,4.7,2.25,8461,84,2.4,0.62,190.22,103.08
911,MX-01,Tarde,32.59,74.91,1169.0,4.62,2.33,7875,49,1.95,4.06,187.03,100.1
912,MX-04,Noche,25.69,84.32,1424.0,4.83,,5767,117,1.63,4.56,211.51,98.15
913,MX-01,Dia,22.1,92.8,1457.0,5.2,2.34,3851,150,3.64,6.78,215.04,118.84
914,MX-03,Noche,25.94,74.84,1226.0,4.9,2.49,5254,47,2.9,6.19,194.05,103.43
915,MX-02,Tarde,28.27,75.25,1347.0,5.14,2.32,7151,70,2.77,4.72,210.77,104.78
916,MX-04,Dia,22.84,80.36,1398.0,5.57,1.4,3617,98,3.06,4.98,206.66,117.56
917,MX-01,Dia,29.01,99.68,1494.0,5.04,2.73,8213,92,1.88,4.62,225.94,134.47
918,MX-03,Tarde,37.52,51.56,1247.0,4.82,2.25,7081,103,2.75,3.91,173.31,88.68
919,MX-01,Tarde,26.44,70.4,1407.0,4.71,1.86,7922,5,1.65,6.29,190.22,106.33
920,MX-02,Noche,20.47,78.66,1413.0,4.6,2.16,7897,10,3.37,6.03,207.61,99.45
921,MX-03,Tarde,26.32,67.73,1410.0,5.19,2.78,3175,94,3.31,5.95,186.53,107.24
922,MX-03,Dia,29.0,63.24,1486.0,4.48,2.11,623,85,2.98,4.6,186.92,104.46
923,MX-04,Dia,19.16,88.37,1377.0,5.02,3.49,1709,108,3.56,10.53,212.26,93.99
924,MX-04,Dia,26.18,65.53,1229.0,4.4,2.77,4408,33,1.81,8.22,189.96,88.74
925,MX-01,Tarde,23.92,56.5,1315.0,4.76,3.1,3895,22,,6.3,163.16,89.12
926,MX-02,Dia,30.77,84.45,1589.0,4.35,3.51,8718,133,2.61,8.28,217.39,106.78
927,MX-04,Dia,29.0,92.21,1584.0,4.47,2.69,3442,47,1.26,8.7,225.21,117.03
928,MX-04,Dia,20.83,66.62,1278.0,4.24,2.84,6846,116,3.49,6.35,183.37,94.2
929,MX-03,Tarde,19.48,77.09,1468.0,4.84,1.6,7676,25,3.39,2.65,196.42,117.71
930,MX-03,Tarde,23.78,91.6,1487.0,6.26,3.27,2020,31,2.25,6.56,222.68,123.71
931,MX-04,Tarde,36.09,67.38,1417.0,4.59,2.69,8570,50,0.88,7.29,205.33,90.67
932,MX-03,Tarde,20.72,80.65,1257.0,4.76,2.17,6141,139,3.29,14.34,194.49,110.35
933,MX-01,Tarde,17.45,61.68,1355.0,5.68,2.05,7147,52,1.35,2.65,194.81,105.7
934,MX-04,Noche,22.68,72.17,1379.0,4.76,2.19,4317,143,2.92,5.65,192.24,88.05
935,MX-01,Dia,21.64,81.27,1501.0,4.16,2.67,4172,101,0.79,5.42,198.63,112.63
936,MX-03,Dia,26.07,86.61,1416.0,5.23,2.08,2687,53,1.22,5.56,211.39,125.87
937,MX-01,Tarde,15.51,75.13,1310.0,4.59,1.25,7644,40,2.69,36.65,202.04,113.74
938,MX-03,Noche,21.56,98.3,1555.0,5.24,3.44,7178,150,4.65,16.3,233.43,116.32
939,MX-03,Dia,37.85,100,1376.0,4.89,2.0,8302,111,3.65,51.95,242.38,131.31
940,MX-03,Noche,20.96,71.75,1281.0,4.55,1.84,6043,22,3.3,4.38,182.19,105.58
941,MX-02,Tarde,22.82,73.55,1409.0,4.0,1.23,6357,133,2.48,9.7,189.02,106.62
942,MX-01,Tarde,24.62,91.83,1601.0,4.66,3.07,7111,101,2.71,5.59,218.33,117.45
943,MX-04,Tarde,12.25,74.28,1442.0,4.14,2.34,620,56,1.17,3.39,196.63,101.74
944,MX-04,Noche,23.24,75.19,1149.0,4.78,3.22,5836,91,3.28,6.7,189.2,88.61
945,MX-04,Tarde,18.33,63.9,1406.0,5.12,2.72,6775,90,1.43,4.96,180.22,90.39
946,MX-03,Tarde,24.0,76.67,1161.0,4.97,3.22,1859,24,2.36,5.12,189.16,105.98
947,MX-04,Dia,27.56,68.03,1278.0,5.12,1.99,2961,83,2.52,5.94,186.59,95.41
948,MX-03,Tarde,29.51,67.24,1312.0,4.53,1.86,1683,104,2.69,2.97,185.25,108.85
949,MX-02,Noche,33.94,94.67,1577.0,4.23,2.34,1546,83,3.08,7.24,232.65,117.36
950,MX-03,Dia,25.6,80.71,1591.0,5.11,3.3,7414,56,3.21,9.5,220.18,116.18
951,MX-04,Noche,18.56,85.12,1318.0,4.79,2.62,6542,67,1.45,1.83,190.73,102.46
952,MX-03,Dia,20.31,85.18,1391.0,4.81,2.15,2403,83,3.51,0,209.14,128.27
953,MX-02,Dia,36.64,62.14,1277.0,3.94,3.01,3932,90,3.28,5.2,180.64,74.39
954,MX-04,Dia,19.17,84.32,1313.0,4.37,2.48,1259,44,2.96,4.45,198.52,99.28
955,MX-04,Noche,28.53,91.34,1637.0,5.45,1.21,651,126,2.13,1.45,228.51,119.26
956,MX-04,Dia,27.73,74.95,1283.0,4.9,3.18,8522,105,3.5,10.23,192.64,92.22
957,MX-01,Noche,31.92,84.02,1248.0,4.53,2.38,6978,42,2.31,3.75,204.94,101.47
958,MX-02,Noche,18.98,100,1556.0,5.24,2.24,1742,104,0.93,1.04,226.23,124.9
959,MX-04,Dia,22.76,82.11,1300.0,5.56,2.67,3223,67,1.63,2.59,205.54,112.34
960,MX-03,Tarde,23.36,85.05,1482.0,5.13,2.07,1169,96,2.34,4.1,212.06,123.01
961,MX-03,Dia,34.69,82.13,1197.0,4.56,2.54,8362,47,2.08,0,205.33,117.49
962,MX-02,Tarde,28.34,57.28,1178.0,4.17,1.11,3108,130,3.69,10.86,173.31,89.59
963,MX-01,Noche,22.43,86.45,1393.0,5.29,1.08,8353,50,2.03,0,198.06,128.45
964,MX-04,Noche,18.32,93.35,1410.0,5.51,2.66,2516,62,2.99,3.43,219.75,107.96
965,MX-01,Noche,32.03,68.45,1506.0,4.25,2.33,8717,24,1.93,2.64,192.81,95.3
966,MX-04,Tarde,22.88,72.43,1291.0,5.31,2.9,4999,110,2.13,7.96,184.21,94.93
967,MX-03,Tarde,20.7,72.02,1571.0,4.7,2.31,882,49,1.12,6.43,196.01,106.07
968,MX-02,Tarde,18.39,77.08,1242.0,5.25,2.34,3284,91,2.44,3.78,201.13,97.0
969,MX-02,Tarde,23.37,74.98,1409.0,5.34,2.35,5447,19,2.66,3.21,190.37,101.98
970,MX-01,Noche,21.02,82.59,1594.0,5.0,2.18,4138,85,4.25,3.13,213.65,110.6
971,MX-04,Dia,26.37,84.43,1306.0,4.09,1.57,5274,53,2.62,8.06,202.75,112.06
972,MX-01,Dia,21.35,70.4,1407.0,5.46,1.61,8198,65,1.41,1.52,184.32,117.34
973,MX-04,Dia,23.29,74.09,1429.0,4.98,2.25,5563,43,1.95,6.17,195.02,99.47
974,MX-04,Dia,13.52,73.09,1600.0,4.7,3.13,6670,52,3.47,5.47,196.59,101.02
975,MX-01,Tarde,26.79,83.03,1458.0,4.68,2.28,4160,112,1.33,2.55,203.82,119.41
976,MX-01,Tarde,29.27,48.21,1239.0,4.36,1.32,916,146,3.61,7.83,166.21,84.91
977,MX-02,Dia,26.19,93.06,1417.0,5.34,2.43,3214,50,2.45,1.54,227.31,126.21
978,MX-02,Tarde,24.85,76.47,1456.0,4.41,2.06,2024,17,1.47,5.99,197.48,106.22
979,MX-03,Dia,25.45,82.04,1427.0,5.43,1.27,2160,58,1.71,4.06,204.53,126.56
980,MX-04,Noche,23.72,72.5,1290.0,4.34,1.8,4093,126,2.36,4.29,197.85,93.09
981,MX-02,Tarde,26.59,72.62,1323.0,5.54,2.73,4414,42,2.04,4.24,193.14,103.07
982,MX-04,Dia,21.38,93.65,1313.0,5.43,2.48,5982,54,2.88,2.88,208.71,118.4
983,MX-04,Noche,19.58,80.27,1374.0,4.68,1.79,3328,146,3.11,9.76,214.14,96.23
984,MX-04,Tarde,18.15,78.99,1277.0,4.67,1.9,2515,121,3.55,8.43,195.19,108.03
985,MX-04,Dia,25.3,91.64,1529.0,5.54,2.09,7457,7,2.15,2.98,214.62,118.7
986,MX-02,Tarde,20.54,60.4,1209.0,4.76,2.59,4225,34,2.26,0.55,166.87,86.73
987,MX-01,Tarde,24.49,73.47,1611.0,4.82,3.22,5333,92,3.22,7.59,203.71,108.57
988,MX-03,Tarde,33.33,68.46,1586.0,4.24,2.36,3070,75,1.79,9.1,207.4,113.13
989,MX-02,Dia,17.2,74.92,1463.0,5.33,0.66,4286,30,2.58,3.13,195.57,110.76
990,MX-02,Noche,26.85,65.66,1357.0,4.68,1.47,6137,113,2.23,4.07,197.22,89.56
991,MX-03,Noche,34.4,76.24,1445.0,4.94,2.03,2649,29,2.87,9.3,207.28,102.73
992,MX-03,Dia,12.86,83.13,1217.0,4.09,,8305,5,2.37,5.46,207.91,111.03
993,MX-03,Dia,22.85,91.1,1581.0,4.83,2.56,4112,79,2.07,3.18,240.77,128.04
994,MX-04,Tarde,27.4,76.62,1414.0,5.63,1.29,374,147,3.91,8.11,204.59,103.44
995,MX-01,Tarde,23.38,88.58,1352.0,5.52,2.9,5805,34,2.3,9.99,208.73,112.58
996,MX-03,Dia,22.13,62.39,1372.0,4.93,1.06,8536,30,2.56,4.23,181.51,107.83
997,MX-02,Dia,29.1,94.29,1520.0,4.2,2.62,5789,19,2.21,6.42,232.45,124.03
998,MX-03,Noche,19.98,82.42,1455.0,4.85,1.85,1529,48,3.64,8.02,217.89,115.77
999,MX-02,Dia,22.98,67.35,1286.0,4.42,2.56,8315,48,1.2,0,186.85,92.27
1000,MX-04,Dia,18.58,84.84,1432.0,5.09,2.49,3302,32,2.12,2.86,211.64,114.13
